id,patient_id,encounter_date,test_name,result_value,result_flag
1,1,2025-01-23 14:45:00,PHQ-9,7.64,Normal
2,1,2025-01-23 14:45:00,GAD-7,15.87,Abnormal
3,1,2025-01-23 14:45:00,Sleep Score,80.27,Normal
4,1,2025-01-23 14:45:00,Wellbeing Index,41.49,Abnormal
5,1,2025-05-07 01:45:00,PHQ-9,8.84,Normal
6,1,2025-05-07 01:45:00,GAD-7,6.5,Normal
7,1,2025-05-07 01:45:00,Sleep Score,68.33,Normal
8,1,2025-05-07 01:45:00,Wellbeing Index,65.34,Normal
9,1,2025-09-21 01:15:00,PHQ-9,9.15,Normal
10,1,2025-09-21 01:15:00,GAD-7,9.43,Normal
11,1,2025-09-21 01:15:00,Sleep Score,67.37,Normal
12,1,2025-09-21 01:15:00,Wellbeing Index,70.56,Normal
13,2,2025-01-15 19:45:00,PHQ-9,9.02,Normal
14,2,2025-01-15 19:45:00,GAD-7,7.69,Normal
15,2,2025-01-15 19:45:00,Sleep Score,62.38,Normal
16,2,2025-01-15 19:45:00,Wellbeing Index,73.57,Normal
17,2,2025-08-12 01:30:00,PHQ-9,6.52,Normal
18,2,2025-08-12 01:30:00,GAD-7,10.68,Normal
19,2,2025-08-12 01:30:00,Sleep Score,74.63,Normal
20,2,2025-08-12 01:30:00,Wellbeing Index,71.84,Normal
21,2,2026-01-20 04:15:00,PHQ-9,13.57,Normal
22,2,2026-01-20 04:15:00,GAD-7,6.54,Normal
23,2,2026-01-20 04:15:00,Sleep Score,59.59,Normal
24,2,2026-01-20 04:15:00,Wellbeing Index,61.03,Normal
25,3,2024-12-02 13:30:00,PHQ-9,6.61,Normal
26,3,2024-12-02 13:30:00,GAD-7,8.69,Normal
27,3,2024-12-02 13:30:00,Sleep Score,92.56,Normal
28,3,2024-12-02 13:30:00,Wellbeing Index,61.66,Normal
29,3,2025-01-28 11:15:00,PHQ-9,13.55,Normal
30,3,2025-01-28 11:15:00,GAD-7,7.59,Normal
31,3,2025-01-28 11:15:00,Sleep Score,63.3,Normal
32,3,2025-01-28 11:15:00,Wellbeing Index,44.66,Abnormal
33,3,2025-10-02 04:30:00,PHQ-9,7.62,Normal
34,3,2025-10-02 04:30:00,GAD-7,14.98,Abnormal
35,3,2025-10-02 04:30:00,Sleep Score,87.44,Normal
36,3,2025-10-02 04:30:00,Wellbeing Index,58.63,Normal
37,4,2025-01-04 02:15:00,PHQ-9,13.11,Normal
38,4,2025-01-04 02:15:00,GAD-7,11.09,Abnormal
39,4,2025-01-04 02:15:00,Sleep Score,81.51,Normal
40,4,2025-01-04 02:15:00,Wellbeing Index,52.05,Normal
41,4,2025-01-15 18:45:00,PHQ-9,7.58,Normal
42,4,2025-01-15 18:45:00,GAD-7,3.49,Normal
43,4,2025-01-15 18:45:00,Sleep Score,74.66,Normal
44,4,2025-01-15 18:45:00,Wellbeing Index,56.18,Normal
45,4,2025-03-14 10:30:00,PHQ-9,6.74,Normal
46,4,2025-03-14 10:30:00,GAD-7,7.19,Normal
47,4,2025-03-14 10:30:00,Sleep Score,44.56,Abnormal
48,4,2025-03-14 10:30:00,Wellbeing Index,77.67,Normal
49,5,2024-12-11 20:00:00,PHQ-9,8.34,Normal
50,5,2024-12-11 20:00:00,GAD-7,8.44,Normal
51,5,2024-12-11 20:00:00,Sleep Score,88.21,Normal
52,5,2024-12-11 20:00:00,Wellbeing Index,68.28,Normal
53,5,2025-12-29 03:15:00,PHQ-9,7.55,Normal
54,5,2025-12-29 03:15:00,GAD-7,6.94,Normal
55,5,2025-12-29 03:15:00,Sleep Score,79.13,Normal
56,5,2025-12-29 03:15:00,Wellbeing Index,56.24,Normal
57,5,2026-02-05 20:15:00,PHQ-9,14.92,Abnormal
58,5,2026-02-05 20:15:00,GAD-7,8.53,Normal
59,5,2026-02-05 20:15:00,Sleep Score,46.92,Abnormal
60,5,2026-02-05 20:15:00,Wellbeing Index,68.52,Normal
61,6,2024-12-02 01:30:00,PHQ-9,14.09,Abnormal
62,6,2024-12-02 01:30:00,GAD-7,9.87,Normal
63,6,2024-12-02 01:30:00,Sleep Score,72.49,Normal
64,6,2024-12-02 01:30:00,Wellbeing Index,73.33,Normal
65,6,2024-12-15 22:30:00,PHQ-9,2.43,Normal
66,6,2024-12-15 22:30:00,GAD-7,3.59,Normal
67,6,2024-12-15 22:30:00,Sleep Score,79.91,Normal
68,6,2024-12-15 22:30:00,Wellbeing Index,53.28,Normal
69,6,2025-01-22 19:30:00,PHQ-9,14.69,Abnormal
70,6,2025-01-22 19:30:00,GAD-7,12.71,Abnormal
71,6,2025-01-22 19:30:00,Sleep Score,58.11,Normal
72,6,2025-01-22 19:30:00,Wellbeing Index,71.59,Normal
73,7,2024-12-17 07:15:00,PHQ-9,9.2,Normal
74,7,2024-12-17 07:15:00,GAD-7,10.73,Normal
75,7,2024-12-17 07:15:00,Sleep Score,98.24,Normal
76,7,2024-12-17 07:15:00,Wellbeing Index,56.7,Normal
77,7,2025-02-15 14:30:00,PHQ-9,15.5,Abnormal
78,7,2025-02-15 14:30:00,GAD-7,10.53,Normal
79,7,2025-02-15 14:30:00,Sleep Score,23.87,Abnormal
80,7,2025-02-15 14:30:00,Wellbeing Index,77.13,Normal
81,7,2025-04-23 08:15:00,PHQ-9,11.09,Normal
82,7,2025-04-23 08:15:00,GAD-7,5.66,Normal
83,7,2025-04-23 08:15:00,Sleep Score,81.64,Normal
84,7,2025-04-23 08:15:00,Wellbeing Index,23.62,Abnormal
85,8,2025-01-02 17:00:00,PHQ-9,2.44,Normal
86,8,2025-01-02 17:00:00,GAD-7,10.94,Normal
87,8,2025-01-02 17:00:00,Sleep Score,80.76,Normal
88,8,2025-01-02 17:00:00,Wellbeing Index,76.34,Normal
89,8,2025-11-13 16:45:00,PHQ-9,12.34,Normal
90,8,2025-11-13 16:45:00,GAD-7,9.05,Normal
91,8,2025-11-13 16:45:00,Sleep Score,38.22,Abnormal
92,8,2025-11-13 16:45:00,Wellbeing Index,65.79,Normal
93,9,2025-01-22 16:00:00,PHQ-9,11.47,Normal
94,9,2025-01-22 16:00:00,GAD-7,7.91,Normal
95,9,2025-01-22 16:00:00,Sleep Score,92.41,Normal
96,9,2025-01-22 16:00:00,Wellbeing Index,54.75,Normal
97,9,2025-05-03 02:45:00,PHQ-9,13.49,Normal
98,9,2025-05-03 02:45:00,GAD-7,9.62,Normal
99,9,2025-05-03 02:45:00,Sleep Score,81.33,Normal
100,9,2025-05-03 02:45:00,Wellbeing Index,53.05,Normal
101,9,2025-07-07 09:45:00,PHQ-9,4.09,Normal
102,9,2025-07-07 09:45:00,GAD-7,6.38,Normal
103,9,2025-07-07 09:45:00,Sleep Score,68.27,Normal
104,9,2025-07-07 09:45:00,Wellbeing Index,52.86,Normal
105,10,2024-11-29 02:15:00,PHQ-9,11.54,Normal
106,10,2024-11-29 02:15:00,GAD-7,10.71,Normal
107,10,2024-11-29 02:15:00,Sleep Score,63.84,Normal
108,10,2024-11-29 02:15:00,Wellbeing Index,59.54,Normal
109,10,2025-04-29 19:00:00,PHQ-9,13.5,Normal
110,10,2025-04-29 19:00:00,GAD-7,2.95,Normal
111,10,2025-04-29 19:00:00,Sleep Score,61.62,Normal
112,10,2025-04-29 19:00:00,Wellbeing Index,79.11,Normal
113,10,2025-11-10 00:00:00,PHQ-9,9.09,Normal
114,10,2025-11-10 00:00:00,GAD-7,8.16,Normal
115,10,2025-11-10 00:00:00,Sleep Score,79.71,Normal
116,10,2025-11-10 00:00:00,Wellbeing Index,61.18,Normal
117,11,2025-03-27 12:15:00,PHQ-9,17.3,Abnormal
118,11,2025-03-27 12:15:00,GAD-7,6.45,Normal
119,11,2025-03-27 12:15:00,Sleep Score,46.48,Abnormal
120,11,2025-03-27 12:15:00,Wellbeing Index,64.75,Normal
121,11,2026-06-05 03:00:00,PHQ-9,13.25,Normal
122,11,2026-06-05 03:00:00,GAD-7,6.05,Normal
123,11,2026-06-05 03:00:00,Sleep Score,45.14,Abnormal
124,11,2026-06-05 03:00:00,Wellbeing Index,62.17,Normal
125,12,2024-12-17 11:15:00,PHQ-9,10.07,Normal
126,12,2024-12-17 11:15:00,GAD-7,9.51,Normal
127,12,2024-12-17 11:15:00,Sleep Score,59.79,Normal
128,12,2024-12-17 11:15:00,Wellbeing Index,100.0,Normal
129,12,2025-04-23 01:00:00,PHQ-9,16.04,Abnormal
130,12,2025-04-23 01:00:00,GAD-7,10.02,Normal
131,12,2025-04-23 01:00:00,Sleep Score,51.09,Abnormal
132,12,2025-04-23 01:00:00,Wellbeing Index,51.56,Normal
133,12,2025-07-29 09:15:00,PHQ-9,13.81,Normal
134,12,2025-07-29 09:15:00,GAD-7,4.89,Normal
135,12,2025-07-29 09:15:00,Sleep Score,45.17,Abnormal
136,12,2025-07-29 09:15:00,Wellbeing Index,64.46,Normal
137,13,2025-02-07 19:00:00,PHQ-9,13.5,Normal
138,13,2025-02-07 19:00:00,GAD-7,10.45,Normal
139,13,2025-02-07 19:00:00,Sleep Score,42.2,Abnormal
140,13,2025-02-07 19:00:00,Wellbeing Index,47.8,Normal
141,13,2025-04-14 09:30:00,PHQ-9,10.72,Normal
142,13,2025-04-14 09:30:00,GAD-7,8.89,Normal
143,13,2025-04-14 09:30:00,Sleep Score,54.95,Normal
144,13,2025-04-14 09:30:00,Wellbeing Index,88.88,Normal
145,14,2025-09-17 05:00:00,PHQ-9,11.57,Normal
146,14,2025-09-17 05:00:00,GAD-7,9.35,Normal
147,14,2025-09-17 05:00:00,Sleep Score,65.78,Normal
148,14,2025-09-17 05:00:00,Wellbeing Index,76.49,Normal
149,14,2025-10-11 20:00:00,PHQ-9,13.19,Normal
150,14,2025-10-11 20:00:00,GAD-7,6.52,Normal
151,14,2025-10-11 20:00:00,Sleep Score,63.43,Normal
152,14,2025-10-11 20:00:00,Wellbeing Index,78.85,Normal
153,14,2025-12-25 07:15:00,PHQ-9,14.42,Abnormal
154,14,2025-12-25 07:15:00,GAD-7,6.6,Normal
155,14,2025-12-25 07:15:00,Sleep Score,68.98,Normal
156,14,2025-12-25 07:15:00,Wellbeing Index,51.51,Normal
157,15,2025-02-28 09:30:00,PHQ-9,15.54,Abnormal
158,15,2025-02-28 09:30:00,GAD-7,10.81,Normal
159,15,2025-02-28 09:30:00,Sleep Score,38.7,Abnormal
160,15,2025-02-28 09:30:00,Wellbeing Index,52.74,Normal
161,15,2025-07-05 15:30:00,PHQ-9,12.82,Normal
162,15,2025-07-05 15:30:00,GAD-7,3.96,Normal
163,15,2025-07-05 15:30:00,Sleep Score,60.8,Normal
164,15,2025-07-05 15:30:00,Wellbeing Index,82.65,Normal
165,15,2025-12-23 18:15:00,PHQ-9,9.32,Normal
166,15,2025-12-23 18:15:00,GAD-7,6.75,Normal
167,15,2025-12-23 18:15:00,Sleep Score,43.53,Abnormal
168,15,2025-12-23 18:15:00,Wellbeing Index,47.54,Normal
169,16,2024-12-07 00:15:00,PHQ-9,14.82,Abnormal
170,16,2024-12-07 00:15:00,GAD-7,8.29,Normal
171,16,2024-12-07 00:15:00,Sleep Score,55.94,Normal
172,16,2024-12-07 00:15:00,Wellbeing Index,73.37,Normal
173,16,2024-12-24 16:45:00,PHQ-9,5.27,Normal
174,16,2024-12-24 16:45:00,GAD-7,13.56,Abnormal
175,16,2024-12-24 16:45:00,Sleep Score,74.95,Normal
176,16,2024-12-24 16:45:00,Wellbeing Index,66.22,Normal
177,16,2025-01-05 05:00:00,PHQ-9,10.47,Normal
178,16,2025-01-05 05:00:00,GAD-7,9.91,Normal
179,16,2025-01-05 05:00:00,Sleep Score,84.5,Normal
180,16,2025-01-05 05:00:00,Wellbeing Index,48.54,Normal
181,17,2025-03-06 23:00:00,PHQ-9,12.39,Normal
182,17,2025-03-06 23:00:00,GAD-7,4.81,Normal
183,17,2025-03-06 23:00:00,Sleep Score,49.4,Abnormal
184,17,2025-03-06 23:00:00,Wellbeing Index,57.2,Normal
185,17,2025-03-26 15:15:00,PHQ-9,10.08,Normal
186,17,2025-03-26 15:15:00,GAD-7,6.53,Normal
187,17,2025-03-26 15:15:00,Sleep Score,62.2,Normal
188,17,2025-03-26 15:15:00,Wellbeing Index,62.47,Normal
189,17,2025-06-15 08:30:00,PHQ-9,13.8,Normal
190,17,2025-06-15 08:30:00,GAD-7,1.83,Normal
191,17,2025-06-15 08:30:00,Sleep Score,55.15,Normal
192,17,2025-06-15 08:30:00,Wellbeing Index,62.66,Normal
193,18,2025-04-06 07:30:00,PHQ-9,5.21,Normal
194,18,2025-04-06 07:30:00,GAD-7,12.2,Abnormal
195,18,2025-04-06 07:30:00,Sleep Score,83.57,Normal
196,18,2025-04-06 07:30:00,Wellbeing Index,48.07,Normal
197,18,2025-06-16 01:00:00,PHQ-9,10.31,Normal
198,18,2025-06-16 01:00:00,GAD-7,5.26,Normal
199,18,2025-06-16 01:00:00,Sleep Score,67.1,Normal
200,18,2025-06-16 01:00:00,Wellbeing Index,57.49,Normal
201,18,2025-08-30 05:45:00,PHQ-9,11.12,Normal
202,18,2025-08-30 05:45:00,GAD-7,6.05,Normal
203,18,2025-08-30 05:45:00,Sleep Score,73.17,Normal
204,18,2025-08-30 05:45:00,Wellbeing Index,54.49,Normal
205,19,2024-11-28 12:30:00,PHQ-9,10.3,Normal
206,19,2024-11-28 12:30:00,GAD-7,9.54,Normal
207,19,2024-11-28 12:30:00,Sleep Score,72.15,Normal
208,19,2024-11-28 12:30:00,Wellbeing Index,65.43,Normal
209,19,2025-09-10 13:30:00,PHQ-9,7.46,Normal
210,19,2025-09-10 13:30:00,GAD-7,3.11,Normal
211,19,2025-09-10 13:30:00,Sleep Score,90.87,Normal
212,19,2025-09-10 13:30:00,Wellbeing Index,73.15,Normal
213,20,2025-01-07 04:00:00,PHQ-9,10.05,Normal
214,20,2025-01-07 04:00:00,GAD-7,7.12,Normal
215,20,2025-01-07 04:00:00,Sleep Score,88.75,Normal
216,20,2025-01-07 04:00:00,Wellbeing Index,77.69,Normal
217,20,2025-06-17 11:45:00,PHQ-9,8.61,Normal
218,20,2025-06-17 11:45:00,GAD-7,7.91,Normal
219,20,2025-06-17 11:45:00,Sleep Score,76.4,Normal
220,20,2025-06-17 11:45:00,Wellbeing Index,68.79,Normal
221,21,2025-06-18 09:15:00,PHQ-9,15.43,Abnormal
222,21,2025-06-18 09:15:00,GAD-7,9.8,Normal
223,21,2025-06-18 09:15:00,Sleep Score,68.75,Normal
224,21,2025-06-18 09:15:00,Wellbeing Index,34.81,Abnormal
225,21,2026-03-17 22:45:00,PHQ-9,12.38,Normal
226,21,2026-03-17 22:45:00,GAD-7,7.02,Normal
227,21,2026-03-17 22:45:00,Sleep Score,75.8,Normal
228,21,2026-03-17 22:45:00,Wellbeing Index,55.42,Normal
229,22,2024-12-10 10:45:00,PHQ-9,8.96,Normal
230,22,2024-12-10 10:45:00,GAD-7,9.05,Normal
231,22,2024-12-10 10:45:00,Sleep Score,88.27,Normal
232,22,2024-12-10 10:45:00,Wellbeing Index,31.52,Abnormal
233,22,2025-02-18 06:00:00,PHQ-9,13.51,Normal
234,22,2025-02-18 06:00:00,GAD-7,7.12,Normal
235,22,2025-02-18 06:00:00,Sleep Score,77.42,Normal
236,22,2025-02-18 06:00:00,Wellbeing Index,75.96,Normal
237,22,2025-08-01 10:15:00,PHQ-9,9.6,Normal
238,22,2025-08-01 10:15:00,GAD-7,5.79,Normal
239,22,2025-08-01 10:15:00,Sleep Score,61.8,Normal
240,22,2025-08-01 10:15:00,Wellbeing Index,58.07,Normal
241,23,2025-06-22 13:15:00,PHQ-9,9.41,Normal
242,23,2025-06-22 13:15:00,GAD-7,7.76,Normal
243,23,2025-06-22 13:15:00,Sleep Score,70.01,Normal
244,23,2025-06-22 13:15:00,Wellbeing Index,70.57,Normal
245,23,2025-12-11 22:45:00,PHQ-9,8.29,Normal
246,23,2025-12-11 22:45:00,GAD-7,14.33,Abnormal
247,23,2025-12-11 22:45:00,Sleep Score,28.66,Abnormal
248,23,2025-12-11 22:45:00,Wellbeing Index,51.65,Normal
249,24,2025-01-06 22:45:00,PHQ-9,12.26,Normal
250,24,2025-01-06 22:45:00,GAD-7,9.21,Normal
251,24,2025-01-06 22:45:00,Sleep Score,44.48,Abnormal
252,24,2025-01-06 22:45:00,Wellbeing Index,60.38,Normal
253,24,2025-08-10 21:00:00,PHQ-9,6.43,Normal
254,24,2025-08-10 21:00:00,GAD-7,10.98,Normal
255,24,2025-08-10 21:00:00,Sleep Score,32.95,Abnormal
256,24,2025-08-10 21:00:00,Wellbeing Index,74.96,Normal
257,24,2025-10-12 00:45:00,PHQ-9,11.58,Normal
258,24,2025-10-12 00:45:00,GAD-7,10.55,Normal
259,24,2025-10-12 00:45:00,Sleep Score,60.42,Normal
260,24,2025-10-12 00:45:00,Wellbeing Index,68.15,Normal
261,25,2025-07-19 08:30:00,PHQ-9,10.28,Normal
262,25,2025-07-19 08:30:00,GAD-7,9.45,Normal
263,25,2025-07-19 08:30:00,Sleep Score,75.67,Normal
264,25,2025-07-19 08:30:00,Wellbeing Index,60.26,Normal
265,25,2025-08-06 16:45:00,PHQ-9,11.66,Normal
266,25,2025-08-06 16:45:00,GAD-7,9.04,Normal
267,25,2025-08-06 16:45:00,Sleep Score,69.81,Normal
268,25,2025-08-06 16:45:00,Wellbeing Index,37.64,Abnormal
269,26,2024-11-30 19:15:00,PHQ-9,8.92,Normal
270,26,2024-11-30 19:15:00,GAD-7,7.7,Normal
271,26,2024-11-30 19:15:00,Sleep Score,64.49,Normal
272,26,2024-11-30 19:15:00,Wellbeing Index,67.56,Normal
273,26,2024-12-28 20:15:00,PHQ-9,8.86,Normal
274,26,2024-12-28 20:15:00,GAD-7,11.97,Abnormal
275,26,2024-12-28 20:15:00,Sleep Score,52.42,Abnormal
276,26,2024-12-28 20:15:00,Wellbeing Index,98.94,Normal
277,26,2026-02-19 14:15:00,PHQ-9,5.23,Normal
278,26,2026-02-19 14:15:00,GAD-7,9.31,Normal
279,26,2026-02-19 14:15:00,Sleep Score,60.56,Normal
280,26,2026-02-19 14:15:00,Wellbeing Index,89.54,Normal
281,27,2025-01-05 08:15:00,PHQ-9,10.57,Normal
282,27,2025-01-05 08:15:00,GAD-7,9.06,Normal
283,27,2025-01-05 08:15:00,Sleep Score,77.23,Normal
284,27,2025-01-05 08:15:00,Wellbeing Index,46.67,Normal
285,27,2025-02-08 21:15:00,PHQ-9,8.92,Normal
286,27,2025-02-08 21:15:00,GAD-7,6.3,Normal
287,27,2025-02-08 21:15:00,Sleep Score,85.45,Normal
288,27,2025-02-08 21:15:00,Wellbeing Index,60.86,Normal
289,27,2025-03-20 17:45:00,PHQ-9,13.39,Normal
290,27,2025-03-20 17:45:00,GAD-7,9.98,Normal
291,27,2025-03-20 17:45:00,Sleep Score,64.56,Normal
292,27,2025-03-20 17:45:00,Wellbeing Index,55.69,Normal
293,28,2025-07-04 20:45:00,PHQ-9,12.51,Normal
294,28,2025-07-04 20:45:00,GAD-7,10.38,Normal
295,28,2025-07-04 20:45:00,Sleep Score,62.15,Normal
296,28,2025-07-04 20:45:00,Wellbeing Index,57.26,Normal
297,28,2025-09-20 15:00:00,PHQ-9,19.85,Abnormal
298,28,2025-09-20 15:00:00,GAD-7,4.25,Normal
299,28,2025-09-20 15:00:00,Sleep Score,100.0,Normal
300,28,2025-09-20 15:00:00,Wellbeing Index,77.13,Normal
301,29,2025-01-06 21:30:00,PHQ-9,7.16,Normal
302,29,2025-01-06 21:30:00,GAD-7,11.42,Abnormal
303,29,2025-01-06 21:30:00,Sleep Score,75.66,Normal
304,29,2025-01-06 21:30:00,Wellbeing Index,60.55,Normal
305,29,2025-03-12 10:30:00,PHQ-9,13.38,Normal
306,29,2025-03-12 10:30:00,GAD-7,3.9,Normal
307,29,2025-03-12 10:30:00,Sleep Score,63.77,Normal
308,29,2025-03-12 10:30:00,Wellbeing Index,84.34,Normal
309,29,2025-03-19 14:30:00,PHQ-9,7.22,Normal
310,29,2025-03-19 14:30:00,GAD-7,6.82,Normal
311,29,2025-03-19 14:30:00,Sleep Score,73.29,Normal
312,29,2025-03-19 14:30:00,Wellbeing Index,40.11,Abnormal
313,30,2025-06-25 15:45:00,PHQ-9,6.32,Normal
314,30,2025-06-25 15:45:00,GAD-7,10.0,Normal
315,30,2025-06-25 15:45:00,Sleep Score,55.83,Normal
316,30,2025-06-25 15:45:00,Wellbeing Index,51.78,Normal
317,30,2025-07-07 10:30:00,PHQ-9,6.78,Normal
318,30,2025-07-07 10:30:00,GAD-7,8.24,Normal
319,30,2025-07-07 10:30:00,Sleep Score,68.81,Normal
320,30,2025-07-07 10:30:00,Wellbeing Index,53.87,Normal
321,30,2025-09-25 10:45:00,PHQ-9,9.98,Normal
322,30,2025-09-25 10:45:00,GAD-7,11.52,Abnormal
323,30,2025-09-25 10:45:00,Sleep Score,62.42,Normal
324,30,2025-09-25 10:45:00,Wellbeing Index,55.18,Normal
325,31,2025-05-18 04:15:00,PHQ-9,11.07,Normal
326,31,2025-05-18 04:15:00,GAD-7,8.58,Normal
327,31,2025-05-18 04:15:00,Sleep Score,88.54,Normal
328,31,2025-05-18 04:15:00,Wellbeing Index,70.39,Normal
329,31,2025-05-18 11:15:00,PHQ-9,13.87,Normal
330,31,2025-05-18 11:15:00,GAD-7,7.49,Normal
331,31,2025-05-18 11:15:00,Sleep Score,64.28,Normal
332,31,2025-05-18 11:15:00,Wellbeing Index,53.2,Normal
333,31,2025-06-13 04:45:00,PHQ-9,8.7,Normal
334,31,2025-06-13 04:45:00,GAD-7,7.06,Normal
335,31,2025-06-13 04:45:00,Sleep Score,90.2,Normal
336,31,2025-06-13 04:45:00,Wellbeing Index,72.58,Normal
337,32,2024-12-11 18:45:00,PHQ-9,10.78,Normal
338,32,2024-12-11 18:45:00,GAD-7,2.71,Normal
339,32,2024-12-11 18:45:00,Sleep Score,74.57,Normal
340,32,2024-12-11 18:45:00,Wellbeing Index,82.1,Normal
341,32,2024-12-11 19:00:00,PHQ-9,6.89,Normal
342,32,2024-12-11 19:00:00,GAD-7,8.14,Normal
343,32,2024-12-11 19:00:00,Sleep Score,51.51,Abnormal
344,32,2024-12-11 19:00:00,Wellbeing Index,85.73,Normal
345,32,2025-01-02 17:45:00,PHQ-9,0.54,Normal
346,32,2025-01-02 17:45:00,GAD-7,5.86,Normal
347,32,2025-01-02 17:45:00,Sleep Score,83.6,Normal
348,32,2025-01-02 17:45:00,Wellbeing Index,64.14,Normal
349,33,2024-11-19 13:30:00,PHQ-9,13.39,Normal
350,33,2024-11-19 13:30:00,GAD-7,6.5,Normal
351,33,2024-11-19 13:30:00,Sleep Score,62.25,Normal
352,33,2024-11-19 13:30:00,Wellbeing Index,74.39,Normal
353,33,2025-03-01 09:15:00,PHQ-9,9.0,Normal
354,33,2025-03-01 09:15:00,GAD-7,8.19,Normal
355,33,2025-03-01 09:15:00,Sleep Score,40.1,Abnormal
356,33,2025-03-01 09:15:00,Wellbeing Index,50.63,Normal
357,33,2025-10-15 04:30:00,PHQ-9,7.95,Normal
358,33,2025-10-15 04:30:00,GAD-7,12.44,Abnormal
359,33,2025-10-15 04:30:00,Sleep Score,59.95,Normal
360,33,2025-10-15 04:30:00,Wellbeing Index,61.43,Normal
361,34,2025-04-04 23:15:00,PHQ-9,9.01,Normal
362,34,2025-04-04 23:15:00,GAD-7,4.61,Normal
363,34,2025-04-04 23:15:00,Sleep Score,85.38,Normal
364,34,2025-04-04 23:15:00,Wellbeing Index,75.27,Normal
365,34,2025-06-19 02:15:00,PHQ-9,6.74,Normal
366,34,2025-06-19 02:15:00,GAD-7,4.15,Normal
367,34,2025-06-19 02:15:00,Sleep Score,52.67,Abnormal
368,34,2025-06-19 02:15:00,Wellbeing Index,53.53,Normal
369,34,2025-08-04 13:30:00,PHQ-9,12.9,Normal
370,34,2025-08-04 13:30:00,GAD-7,5.17,Normal
371,34,2025-08-04 13:30:00,Sleep Score,54.4,Normal
372,34,2025-08-04 13:30:00,Wellbeing Index,72.05,Normal
373,35,2025-02-28 09:30:00,PHQ-9,15.45,Abnormal
374,35,2025-02-28 09:30:00,GAD-7,7.24,Normal
375,35,2025-02-28 09:30:00,Sleep Score,43.09,Abnormal
376,35,2025-02-28 09:30:00,Wellbeing Index,94.06,Normal
377,35,2025-03-22 14:45:00,PHQ-9,9.59,Normal
378,35,2025-03-22 14:45:00,GAD-7,8.65,Normal
379,35,2025-03-22 14:45:00,Sleep Score,95.43,Normal
380,35,2025-03-22 14:45:00,Wellbeing Index,68.99,Normal
381,35,2025-06-16 07:00:00,PHQ-9,6.17,Normal
382,35,2025-06-16 07:00:00,GAD-7,12.02,Abnormal
383,35,2025-06-16 07:00:00,Sleep Score,99.15,Normal
384,35,2025-06-16 07:00:00,Wellbeing Index,66.32,Normal
385,36,2024-11-17 13:30:00,PHQ-9,9.02,Normal
386,36,2024-11-17 13:30:00,GAD-7,9.14,Normal
387,36,2024-11-17 13:30:00,Sleep Score,60.06,Normal
388,36,2024-11-17 13:30:00,Wellbeing Index,72.66,Normal
389,36,2025-02-02 03:30:00,PHQ-9,6.5,Normal
390,36,2025-02-02 03:30:00,GAD-7,11.55,Abnormal
391,36,2025-02-02 03:30:00,Sleep Score,68.32,Normal
392,36,2025-02-02 03:30:00,Wellbeing Index,82.68,Normal
393,36,2025-06-19 11:00:00,PHQ-9,2.66,Normal
394,36,2025-06-19 11:00:00,GAD-7,4.38,Normal
395,36,2025-06-19 11:00:00,Sleep Score,79.73,Normal
396,36,2025-06-19 11:00:00,Wellbeing Index,66.12,Normal
397,37,2024-12-24 14:15:00,PHQ-9,9.58,Normal
398,37,2024-12-24 14:15:00,GAD-7,8.51,Normal
399,37,2024-12-24 14:15:00,Sleep Score,60.33,Normal
400,37,2024-12-24 14:15:00,Wellbeing Index,75.8,Normal
401,37,2025-04-25 20:15:00,PHQ-9,13.39,Normal
402,37,2025-04-25 20:15:00,GAD-7,5.06,Normal
403,37,2025-04-25 20:15:00,Sleep Score,77.62,Normal
404,37,2025-04-25 20:15:00,Wellbeing Index,54.14,Normal
405,37,2025-05-09 04:00:00,PHQ-9,8.23,Normal
406,37,2025-05-09 04:00:00,GAD-7,4.23,Normal
407,37,2025-05-09 04:00:00,Sleep Score,82.55,Normal
408,37,2025-05-09 04:00:00,Wellbeing Index,59.69,Normal
409,38,2025-10-27 10:00:00,PHQ-9,5.98,Normal
410,38,2025-10-27 10:00:00,GAD-7,10.49,Normal
411,38,2025-10-27 10:00:00,Sleep Score,70.47,Normal
412,38,2025-10-27 10:00:00,Wellbeing Index,54.57,Normal
413,38,2025-12-08 01:45:00,PHQ-9,8.36,Normal
414,38,2025-12-08 01:45:00,GAD-7,5.58,Normal
415,38,2025-12-08 01:45:00,Sleep Score,42.48,Abnormal
416,38,2025-12-08 01:45:00,Wellbeing Index,60.56,Normal
417,39,2024-11-08 23:15:00,PHQ-9,7.05,Normal
418,39,2024-11-08 23:15:00,GAD-7,11.51,Abnormal
419,39,2024-11-08 23:15:00,Sleep Score,57.51,Normal
420,39,2024-11-08 23:15:00,Wellbeing Index,73.15,Normal
421,39,2025-06-17 14:45:00,PHQ-9,2.25,Normal
422,39,2025-06-17 14:45:00,GAD-7,8.11,Normal
423,39,2025-06-17 14:45:00,Sleep Score,74.65,Normal
424,39,2025-06-17 14:45:00,Wellbeing Index,33.04,Abnormal
425,39,2025-10-21 00:45:00,PHQ-9,6.79,Normal
426,39,2025-10-21 00:45:00,GAD-7,7.45,Normal
427,39,2025-10-21 00:45:00,Sleep Score,100.0,Normal
428,39,2025-10-21 00:45:00,Wellbeing Index,75.74,Normal
429,40,2025-05-04 00:15:00,PHQ-9,7.66,Normal
430,40,2025-05-04 00:15:00,GAD-7,9.24,Normal
431,40,2025-05-04 00:15:00,Sleep Score,67.71,Normal
432,40,2025-05-04 00:15:00,Wellbeing Index,54.42,Normal
433,40,2025-06-26 09:45:00,PHQ-9,11.0,Normal
434,40,2025-06-26 09:45:00,GAD-7,6.89,Normal
435,40,2025-06-26 09:45:00,Sleep Score,65.09,Normal
436,40,2025-06-26 09:45:00,Wellbeing Index,65.79,Normal
437,40,2025-12-28 22:45:00,PHQ-9,11.44,Normal
438,40,2025-12-28 22:45:00,GAD-7,4.77,Normal
439,40,2025-12-28 22:45:00,Sleep Score,74.69,Normal
440,40,2025-12-28 22:45:00,Wellbeing Index,86.88,Normal
441,41,2024-12-13 01:30:00,PHQ-9,8.03,Normal
442,41,2024-12-13 01:30:00,GAD-7,5.93,Normal
443,41,2024-12-13 01:30:00,Sleep Score,73.33,Normal
444,41,2024-12-13 01:30:00,Wellbeing Index,45.94,Abnormal
445,41,2024-12-20 11:15:00,PHQ-9,7.41,Normal
446,41,2024-12-20 11:15:00,GAD-7,7.5,Normal
447,41,2024-12-20 11:15:00,Sleep Score,50.83,Abnormal
448,41,2024-12-20 11:15:00,Wellbeing Index,73.1,Normal
449,41,2024-12-28 21:00:00,PHQ-9,3.5,Normal
450,41,2024-12-28 21:00:00,GAD-7,9.48,Normal
451,41,2024-12-28 21:00:00,Sleep Score,69.23,Normal
452,41,2024-12-28 21:00:00,Wellbeing Index,63.63,Normal
453,42,2025-01-02 04:15:00,PHQ-9,7.7,Normal
454,42,2025-01-02 04:15:00,GAD-7,2.28,Normal
455,42,2025-01-02 04:15:00,Sleep Score,58.81,Normal
456,42,2025-01-02 04:15:00,Wellbeing Index,56.18,Normal
457,42,2025-01-17 10:15:00,PHQ-9,16.4,Abnormal
458,42,2025-01-17 10:15:00,GAD-7,6.84,Normal
459,42,2025-01-17 10:15:00,Sleep Score,33.45,Abnormal
460,42,2025-01-17 10:15:00,Wellbeing Index,68.2,Normal
461,42,2025-05-12 19:15:00,PHQ-9,4.59,Normal
462,42,2025-05-12 19:15:00,GAD-7,7.15,Normal
463,42,2025-05-12 19:15:00,Sleep Score,69.92,Normal
464,42,2025-05-12 19:15:00,Wellbeing Index,45.12,Abnormal
465,43,2025-11-03 14:00:00,PHQ-9,4.86,Normal
466,43,2025-11-03 14:00:00,GAD-7,6.3,Normal
467,43,2025-11-03 14:00:00,Sleep Score,53.86,Normal
468,43,2025-11-03 14:00:00,Wellbeing Index,59.01,Normal
469,43,2025-11-03 18:30:00,PHQ-9,11.37,Normal
470,43,2025-11-03 18:30:00,GAD-7,9.37,Normal
471,43,2025-11-03 18:30:00,Sleep Score,62.99,Normal
472,43,2025-11-03 18:30:00,Wellbeing Index,49.36,Normal
473,43,2026-04-30 22:15:00,PHQ-9,6.78,Normal
474,43,2026-04-30 22:15:00,GAD-7,9.04,Normal
475,43,2026-04-30 22:15:00,Sleep Score,70.64,Normal
476,43,2026-04-30 22:15:00,Wellbeing Index,56.21,Normal
477,44,2025-08-28 15:15:00,PHQ-9,11.19,Normal
478,44,2025-08-28 15:15:00,GAD-7,10.96,Normal
479,44,2025-08-28 15:15:00,Sleep Score,77.66,Normal
480,44,2025-08-28 15:15:00,Wellbeing Index,41.66,Abnormal
481,44,2025-09-24 03:00:00,PHQ-9,9.78,Normal
482,44,2025-09-24 03:00:00,GAD-7,12.06,Abnormal
483,44,2025-09-24 03:00:00,Sleep Score,61.89,Normal
484,44,2025-09-24 03:00:00,Wellbeing Index,65.11,Normal
485,44,2026-01-10 09:45:00,PHQ-9,11.07,Normal
486,44,2026-01-10 09:45:00,GAD-7,10.1,Normal
487,44,2026-01-10 09:45:00,Sleep Score,75.82,Normal
488,44,2026-01-10 09:45:00,Wellbeing Index,46.18,Normal
489,45,2024-11-15 20:00:00,PHQ-9,6.02,Normal
490,45,2024-11-15 20:00:00,GAD-7,6.82,Normal
491,45,2024-11-15 20:00:00,Sleep Score,65.51,Normal
492,45,2024-11-15 20:00:00,Wellbeing Index,57.71,Normal
493,45,2024-11-19 22:45:00,PHQ-9,11.17,Normal
494,45,2024-11-19 22:45:00,GAD-7,9.37,Normal
495,45,2024-11-19 22:45:00,Sleep Score,66.57,Normal
496,45,2024-11-19 22:45:00,Wellbeing Index,88.02,Normal
497,45,2025-01-03 08:00:00,PHQ-9,8.65,Normal
498,45,2025-01-03 08:00:00,GAD-7,6.43,Normal
499,45,2025-01-03 08:00:00,Sleep Score,91.21,Normal
500,45,2025-01-03 08:00:00,Wellbeing Index,30.1,Abnormal
501,46,2024-11-18 19:15:00,PHQ-9,9.2,Normal
502,46,2024-11-18 19:15:00,GAD-7,8.05,Normal
503,46,2024-11-18 19:15:00,Sleep Score,71.99,Normal
504,46,2024-11-18 19:15:00,Wellbeing Index,56.15,Normal
505,46,2025-01-03 09:30:00,PHQ-9,3.55,Normal
506,46,2025-01-03 09:30:00,GAD-7,4.41,Normal
507,46,2025-01-03 09:30:00,Sleep Score,80.44,Normal
508,46,2025-01-03 09:30:00,Wellbeing Index,52.03,Normal
509,46,2025-03-12 19:15:00,PHQ-9,6.17,Normal
510,46,2025-03-12 19:15:00,GAD-7,11.32,Abnormal
511,46,2025-03-12 19:15:00,Sleep Score,98.29,Normal
512,46,2025-03-12 19:15:00,Wellbeing Index,80.31,Normal
513,47,2025-04-01 04:45:00,PHQ-9,9.65,Normal
514,47,2025-04-01 04:45:00,GAD-7,6.37,Normal
515,47,2025-04-01 04:45:00,Sleep Score,86.63,Normal
516,47,2025-04-01 04:45:00,Wellbeing Index,76.8,Normal
517,47,2025-05-17 01:00:00,PHQ-9,14.43,Abnormal
518,47,2025-05-17 01:00:00,GAD-7,6.51,Normal
519,47,2025-05-17 01:00:00,Sleep Score,85.46,Normal
520,47,2025-05-17 01:00:00,Wellbeing Index,28.75,Abnormal
521,47,2025-07-04 01:45:00,PHQ-9,12.77,Normal
522,47,2025-07-04 01:45:00,GAD-7,7.05,Normal
523,47,2025-07-04 01:45:00,Sleep Score,76.28,Normal
524,47,2025-07-04 01:45:00,Wellbeing Index,53.66,Normal
525,48,2025-06-21 07:45:00,PHQ-9,15.21,Abnormal
526,48,2025-06-21 07:45:00,GAD-7,11.78,Abnormal
527,48,2025-06-21 07:45:00,Sleep Score,58.5,Normal
528,48,2025-06-21 07:45:00,Wellbeing Index,78.46,Normal
529,48,2025-08-08 12:00:00,PHQ-9,4.88,Normal
530,48,2025-08-08 12:00:00,GAD-7,11.18,Abnormal
531,48,2025-08-08 12:00:00,Sleep Score,69.39,Normal
532,48,2025-08-08 12:00:00,Wellbeing Index,76.67,Normal
533,49,2025-02-27 23:00:00,PHQ-9,11.53,Normal
534,49,2025-02-27 23:00:00,GAD-7,9.47,Normal
535,49,2025-02-27 23:00:00,Sleep Score,83.85,Normal
536,49,2025-02-27 23:00:00,Wellbeing Index,57.97,Normal
537,49,2025-03-24 14:45:00,PHQ-9,9.86,Normal
538,49,2025-03-24 14:45:00,GAD-7,12.0,Abnormal
539,49,2025-03-24 14:45:00,Sleep Score,53.49,Normal
540,49,2025-03-24 14:45:00,Wellbeing Index,61.88,Normal
541,49,2025-06-27 23:30:00,PHQ-9,13.31,Normal
542,49,2025-06-27 23:30:00,GAD-7,7.17,Normal
543,49,2025-06-27 23:30:00,Sleep Score,47.83,Abnormal
544,49,2025-06-27 23:30:00,Wellbeing Index,71.47,Normal
545,50,2025-08-25 17:30:00,PHQ-9,18.01,Abnormal
546,50,2025-08-25 17:30:00,GAD-7,6.59,Normal
547,50,2025-08-25 17:30:00,Sleep Score,81.14,Normal
548,50,2025-08-25 17:30:00,Wellbeing Index,55.5,Normal
549,50,2025-10-13 04:30:00,PHQ-9,8.41,Normal
550,50,2025-10-13 04:30:00,GAD-7,2.56,Normal
551,50,2025-10-13 04:30:00,Sleep Score,100.0,Normal
552,50,2025-10-13 04:30:00,Wellbeing Index,66.17,Normal
553,50,2026-02-09 15:15:00,PHQ-9,3.96,Normal
554,50,2026-02-09 15:15:00,GAD-7,4.45,Normal
555,50,2026-02-09 15:15:00,Sleep Score,49.31,Abnormal
556,50,2026-02-09 15:15:00,Wellbeing Index,30.62,Abnormal
557,51,2025-08-12 21:00:00,PHQ-9,7.43,Normal
558,51,2025-08-12 21:00:00,GAD-7,3.07,Normal
559,51,2025-08-12 21:00:00,Sleep Score,69.23,Normal
560,51,2025-08-12 21:00:00,Wellbeing Index,79.99,Normal
561,51,2025-10-21 10:45:00,PHQ-9,6.33,Normal
562,51,2025-10-21 10:45:00,GAD-7,15.05,Abnormal
563,51,2025-10-21 10:45:00,Sleep Score,50.14,Abnormal
564,51,2025-10-21 10:45:00,Wellbeing Index,81.82,Normal
565,52,2025-05-26 14:15:00,PHQ-9,15.79,Abnormal
566,52,2025-05-26 14:15:00,GAD-7,12.18,Abnormal
567,52,2025-05-26 14:15:00,Sleep Score,77.31,Normal
568,52,2025-05-26 14:15:00,Wellbeing Index,49.4,Normal
569,52,2025-08-04 03:45:00,PHQ-9,13.37,Normal
570,52,2025-08-04 03:45:00,GAD-7,6.39,Normal
571,52,2025-08-04 03:45:00,Sleep Score,79.41,Normal
572,52,2025-08-04 03:45:00,Wellbeing Index,59.41,Normal
573,52,2025-08-04 04:30:00,PHQ-9,16.28,Abnormal
574,52,2025-08-04 04:30:00,GAD-7,11.0,Normal
575,52,2025-08-04 04:30:00,Sleep Score,68.94,Normal
576,52,2025-08-04 04:30:00,Wellbeing Index,71.27,Normal
577,53,2024-12-11 08:00:00,PHQ-9,16.87,Abnormal
578,53,2024-12-11 08:00:00,GAD-7,3.75,Normal
579,53,2024-12-11 08:00:00,Sleep Score,47.07,Abnormal
580,53,2024-12-11 08:00:00,Wellbeing Index,38.33,Abnormal
581,53,2025-09-09 21:00:00,PHQ-9,10.43,Normal
582,53,2025-09-09 21:00:00,GAD-7,4.95,Normal
583,53,2025-09-09 21:00:00,Sleep Score,97.42,Normal
584,53,2025-09-09 21:00:00,Wellbeing Index,67.36,Normal
585,53,2025-10-31 12:15:00,PHQ-9,14.22,Abnormal
586,53,2025-10-31 12:15:00,GAD-7,1.61,Normal
587,53,2025-10-31 12:15:00,Sleep Score,52.77,Abnormal
588,53,2025-10-31 12:15:00,Wellbeing Index,63.8,Normal
589,54,2024-11-10 02:15:00,PHQ-9,13.45,Normal
590,54,2024-11-10 02:15:00,GAD-7,3.99,Normal
591,54,2024-11-10 02:15:00,Sleep Score,87.87,Normal
592,54,2024-11-10 02:15:00,Wellbeing Index,41.57,Abnormal
593,54,2025-05-29 09:45:00,PHQ-9,12.79,Normal
594,54,2025-05-29 09:45:00,GAD-7,3.85,Normal
595,54,2025-05-29 09:45:00,Sleep Score,54.04,Normal
596,54,2025-05-29 09:45:00,Wellbeing Index,60.44,Normal
597,54,2025-12-28 15:15:00,PHQ-9,4.13,Normal
598,54,2025-12-28 15:15:00,GAD-7,4.71,Normal
599,54,2025-12-28 15:15:00,Sleep Score,66.74,Normal
600,54,2025-12-28 15:15:00,Wellbeing Index,44.57,Abnormal
601,55,2025-02-18 16:30:00,PHQ-9,11.29,Normal
602,55,2025-02-18 16:30:00,GAD-7,8.17,Normal
603,55,2025-02-18 16:30:00,Sleep Score,54.68,Normal
604,55,2025-02-18 16:30:00,Wellbeing Index,44.56,Abnormal
605,55,2025-08-23 14:15:00,PHQ-9,10.55,Normal
606,55,2025-08-23 14:15:00,GAD-7,6.43,Normal
607,55,2025-08-23 14:15:00,Sleep Score,50.88,Abnormal
608,55,2025-08-23 14:15:00,Wellbeing Index,73.33,Normal
609,55,2025-08-31 20:45:00,PHQ-9,9.35,Normal
610,55,2025-08-31 20:45:00,GAD-7,9.14,Normal
611,55,2025-08-31 20:45:00,Sleep Score,77.9,Normal
612,55,2025-08-31 20:45:00,Wellbeing Index,76.13,Normal
613,56,2025-06-08 02:15:00,PHQ-9,17.4,Abnormal
614,56,2025-06-08 02:15:00,GAD-7,6.93,Normal
615,56,2025-06-08 02:15:00,Sleep Score,70.4,Normal
616,56,2025-06-08 02:15:00,Wellbeing Index,32.04,Abnormal
617,56,2026-01-07 14:00:00,PHQ-9,7.21,Normal
618,56,2026-01-07 14:00:00,GAD-7,3.11,Normal
619,56,2026-01-07 14:00:00,Sleep Score,60.77,Normal
620,56,2026-01-07 14:00:00,Wellbeing Index,76.51,Normal
621,57,2024-12-08 22:45:00,PHQ-9,9.71,Normal
622,57,2024-12-08 22:45:00,GAD-7,5.68,Normal
623,57,2024-12-08 22:45:00,Sleep Score,57.25,Normal
624,57,2024-12-08 22:45:00,Wellbeing Index,35.05,Abnormal
625,57,2025-02-05 19:15:00,PHQ-9,10.82,Normal
626,57,2025-02-05 19:15:00,GAD-7,6.1,Normal
627,57,2025-02-05 19:15:00,Sleep Score,59.83,Normal
628,57,2025-02-05 19:15:00,Wellbeing Index,65.86,Normal
629,57,2025-03-15 13:15:00,PHQ-9,16.87,Abnormal
630,57,2025-03-15 13:15:00,GAD-7,2.94,Normal
631,57,2025-03-15 13:15:00,Sleep Score,75.99,Normal
632,57,2025-03-15 13:15:00,Wellbeing Index,53.89,Normal
633,58,2025-05-17 21:45:00,PHQ-9,18.58,Abnormal
634,58,2025-05-17 21:45:00,GAD-7,5.82,Normal
635,58,2025-05-17 21:45:00,Sleep Score,55.32,Normal
636,58,2025-05-17 21:45:00,Wellbeing Index,44.19,Abnormal
637,58,2025-06-10 00:15:00,PHQ-9,19.01,Abnormal
638,58,2025-06-10 00:15:00,GAD-7,3.52,Normal
639,58,2025-06-10 00:15:00,Sleep Score,75.45,Normal
640,58,2025-06-10 00:15:00,Wellbeing Index,83.1,Normal
641,59,2024-12-25 19:45:00,PHQ-9,11.98,Normal
642,59,2024-12-25 19:45:00,GAD-7,10.65,Normal
643,59,2024-12-25 19:45:00,Sleep Score,57.5,Normal
644,59,2024-12-25 19:45:00,Wellbeing Index,66.03,Normal
645,59,2025-01-04 06:00:00,PHQ-9,13.25,Normal
646,59,2025-01-04 06:00:00,GAD-7,9.53,Normal
647,59,2025-01-04 06:00:00,Sleep Score,75.09,Normal
648,59,2025-01-04 06:00:00,Wellbeing Index,58.56,Normal
649,59,2025-07-15 09:30:00,PHQ-9,9.16,Normal
650,59,2025-07-15 09:30:00,GAD-7,4.86,Normal
651,59,2025-07-15 09:30:00,Sleep Score,82.45,Normal
652,59,2025-07-15 09:30:00,Wellbeing Index,53.05,Normal
653,60,2025-01-09 15:30:00,PHQ-9,9.07,Normal
654,60,2025-01-09 15:30:00,GAD-7,6.66,Normal
655,60,2025-01-09 15:30:00,Sleep Score,65.79,Normal
656,60,2025-01-09 15:30:00,Wellbeing Index,51.5,Normal
657,60,2025-03-09 08:45:00,PHQ-9,14.52,Abnormal
658,60,2025-03-09 08:45:00,GAD-7,4.01,Normal
659,60,2025-03-09 08:45:00,Sleep Score,63.86,Normal
660,60,2025-03-09 08:45:00,Wellbeing Index,78.02,Normal
661,60,2025-05-03 11:45:00,PHQ-9,15.39,Abnormal
662,60,2025-05-03 11:45:00,GAD-7,12.31,Abnormal
663,60,2025-05-03 11:45:00,Sleep Score,28.35,Abnormal
664,60,2025-05-03 11:45:00,Wellbeing Index,32.16,Abnormal
665,61,2025-06-27 01:15:00,PHQ-9,8.76,Normal
666,61,2025-06-27 01:15:00,GAD-7,12.41,Abnormal
667,61,2025-06-27 01:15:00,Sleep Score,54.61,Normal
668,61,2025-06-27 01:15:00,Wellbeing Index,68.55,Normal
669,61,2026-02-07 13:45:00,PHQ-9,12.01,Normal
670,61,2026-02-07 13:45:00,GAD-7,9.97,Normal
671,61,2026-02-07 13:45:00,Sleep Score,66.46,Normal
672,61,2026-02-07 13:45:00,Wellbeing Index,81.74,Normal
673,61,2026-02-23 16:15:00,PHQ-9,13.21,Normal
674,61,2026-02-23 16:15:00,GAD-7,6.42,Normal
675,61,2026-02-23 16:15:00,Sleep Score,61.33,Normal
676,61,2026-02-23 16:15:00,Wellbeing Index,45.79,Abnormal
677,62,2025-04-15 04:15:00,PHQ-9,12.13,Normal
678,62,2025-04-15 04:15:00,GAD-7,8.1,Normal
679,62,2025-04-15 04:15:00,Sleep Score,57.76,Normal
680,62,2025-04-15 04:15:00,Wellbeing Index,81.65,Normal
681,62,2025-11-26 00:45:00,PHQ-9,7.56,Normal
682,62,2025-11-26 00:45:00,GAD-7,3.63,Normal
683,62,2025-11-26 00:45:00,Sleep Score,61.68,Normal
684,62,2025-11-26 00:45:00,Wellbeing Index,37.35,Abnormal
685,62,2025-12-21 23:00:00,PHQ-9,9.93,Normal
686,62,2025-12-21 23:00:00,GAD-7,9.34,Normal
687,62,2025-12-21 23:00:00,Sleep Score,80.59,Normal
688,62,2025-12-21 23:00:00,Wellbeing Index,65.87,Normal
689,63,2024-11-17 08:30:00,PHQ-9,10.83,Normal
690,63,2024-11-17 08:30:00,GAD-7,14.53,Abnormal
691,63,2024-11-17 08:30:00,Sleep Score,100.0,Normal
692,63,2024-11-17 08:30:00,Wellbeing Index,60.27,Normal
693,63,2025-06-10 03:00:00,PHQ-9,15.29,Abnormal
694,63,2025-06-10 03:00:00,GAD-7,7.17,Normal
695,63,2025-06-10 03:00:00,Sleep Score,67.95,Normal
696,63,2025-06-10 03:00:00,Wellbeing Index,56.42,Normal
697,63,2026-01-05 00:15:00,PHQ-9,9.87,Normal
698,63,2026-01-05 00:15:00,GAD-7,12.17,Abnormal
699,63,2026-01-05 00:15:00,Sleep Score,63.13,Normal
700,63,2026-01-05 00:15:00,Wellbeing Index,75.22,Normal
701,64,2025-02-13 05:30:00,PHQ-9,2.77,Normal
702,64,2025-02-13 05:30:00,GAD-7,13.71,Abnormal
703,64,2025-02-13 05:30:00,Sleep Score,49.6,Abnormal
704,64,2025-02-13 05:30:00,Wellbeing Index,53.77,Normal
705,64,2025-05-15 12:00:00,PHQ-9,9.69,Normal
706,64,2025-05-15 12:00:00,GAD-7,11.54,Abnormal
707,64,2025-05-15 12:00:00,Sleep Score,95.86,Normal
708,64,2025-05-15 12:00:00,Wellbeing Index,47.96,Normal
709,64,2025-07-04 20:15:00,PHQ-9,12.36,Normal
710,64,2025-07-04 20:15:00,GAD-7,9.93,Normal
711,64,2025-07-04 20:15:00,Sleep Score,59.86,Normal
712,64,2025-07-04 20:15:00,Wellbeing Index,59.42,Normal
713,65,2024-12-10 20:00:00,PHQ-9,10.89,Normal
714,65,2024-12-10 20:00:00,GAD-7,8.6,Normal
715,65,2024-12-10 20:00:00,Sleep Score,89.1,Normal
716,65,2024-12-10 20:00:00,Wellbeing Index,82.88,Normal
717,65,2025-05-23 18:00:00,PHQ-9,13.37,Normal
718,65,2025-05-23 18:00:00,GAD-7,3.71,Normal
719,65,2025-05-23 18:00:00,Sleep Score,78.94,Normal
720,65,2025-05-23 18:00:00,Wellbeing Index,55.53,Normal
721,65,2025-12-08 08:30:00,PHQ-9,13.94,Normal
722,65,2025-12-08 08:30:00,GAD-7,5.11,Normal
723,65,2025-12-08 08:30:00,Sleep Score,68.85,Normal
724,65,2025-12-08 08:30:00,Wellbeing Index,49.29,Normal
725,66,2025-02-07 09:00:00,PHQ-9,6.74,Normal
726,66,2025-02-07 09:00:00,GAD-7,13.85,Abnormal
727,66,2025-02-07 09:00:00,Sleep Score,48.61,Abnormal
728,66,2025-02-07 09:00:00,Wellbeing Index,100.0,Normal
729,66,2025-03-25 15:00:00,PHQ-9,10.2,Normal
730,66,2025-03-25 15:00:00,GAD-7,6.29,Normal
731,66,2025-03-25 15:00:00,Sleep Score,81.24,Normal
732,66,2025-03-25 15:00:00,Wellbeing Index,43.49,Abnormal
733,66,2025-05-18 11:45:00,PHQ-9,10.39,Normal
734,66,2025-05-18 11:45:00,GAD-7,7.05,Normal
735,66,2025-05-18 11:45:00,Sleep Score,74.45,Normal
736,66,2025-05-18 11:45:00,Wellbeing Index,69.72,Normal
737,67,2024-11-07 18:45:00,PHQ-9,13.03,Normal
738,67,2024-11-07 18:45:00,GAD-7,8.52,Normal
739,67,2024-11-07 18:45:00,Sleep Score,63.61,Normal
740,67,2024-11-07 18:45:00,Wellbeing Index,45.55,Abnormal
741,67,2025-04-11 11:30:00,PHQ-9,19.15,Abnormal
742,67,2025-04-11 11:30:00,GAD-7,7.79,Normal
743,67,2025-04-11 11:30:00,Sleep Score,81.62,Normal
744,67,2025-04-11 11:30:00,Wellbeing Index,64.57,Normal
745,67,2025-06-13 21:30:00,PHQ-9,8.83,Normal
746,67,2025-06-13 21:30:00,GAD-7,4.66,Normal
747,67,2025-06-13 21:30:00,Sleep Score,39.02,Abnormal
748,67,2025-06-13 21:30:00,Wellbeing Index,62.28,Normal
749,68,2024-12-10 17:15:00,PHQ-9,11.38,Normal
750,68,2024-12-10 17:15:00,GAD-7,6.86,Normal
751,68,2024-12-10 17:15:00,Sleep Score,93.13,Normal
752,68,2024-12-10 17:15:00,Wellbeing Index,77.75,Normal
753,68,2025-04-13 02:15:00,PHQ-9,11.02,Normal
754,68,2025-04-13 02:15:00,GAD-7,9.65,Normal
755,68,2025-04-13 02:15:00,Sleep Score,56.05,Normal
756,68,2025-04-13 02:15:00,Wellbeing Index,60.34,Normal
757,68,2025-05-10 14:45:00,PHQ-9,14.11,Abnormal
758,68,2025-05-10 14:45:00,GAD-7,5.48,Normal
759,68,2025-05-10 14:45:00,Sleep Score,33.35,Abnormal
760,68,2025-05-10 14:45:00,Wellbeing Index,40.93,Abnormal
761,69,2024-11-30 18:45:00,PHQ-9,4.87,Normal
762,69,2024-11-30 18:45:00,GAD-7,7.37,Normal
763,69,2024-11-30 18:45:00,Sleep Score,62.81,Normal
764,69,2024-11-30 18:45:00,Wellbeing Index,64.01,Normal
765,69,2025-07-04 02:45:00,PHQ-9,10.69,Normal
766,69,2025-07-04 02:45:00,GAD-7,3.52,Normal
767,69,2025-07-04 02:45:00,Sleep Score,70.61,Normal
768,69,2025-07-04 02:45:00,Wellbeing Index,58.76,Normal
769,69,2025-08-09 22:45:00,PHQ-9,7.47,Normal
770,69,2025-08-09 22:45:00,GAD-7,3.88,Normal
771,69,2025-08-09 22:45:00,Sleep Score,52.23,Abnormal
772,69,2025-08-09 22:45:00,Wellbeing Index,73.36,Normal
773,70,2025-02-23 05:00:00,PHQ-9,17.26,Abnormal
774,70,2025-02-23 05:00:00,GAD-7,6.28,Normal
775,70,2025-02-23 05:00:00,Sleep Score,71.51,Normal
776,70,2025-02-23 05:00:00,Wellbeing Index,66.07,Normal
777,70,2025-09-13 18:30:00,PHQ-9,12.85,Normal
778,70,2025-09-13 18:30:00,GAD-7,4.15,Normal
779,70,2025-09-13 18:30:00,Sleep Score,32.16,Abnormal
780,70,2025-09-13 18:30:00,Wellbeing Index,71.64,Normal
781,71,2024-12-03 13:15:00,PHQ-9,9.64,Normal
782,71,2024-12-03 13:15:00,GAD-7,7.82,Normal
783,71,2024-12-03 13:15:00,Sleep Score,89.52,Normal
784,71,2024-12-03 13:15:00,Wellbeing Index,56.86,Normal
785,71,2024-12-23 23:00:00,PHQ-9,13.38,Normal
786,71,2024-12-23 23:00:00,GAD-7,7.19,Normal
787,71,2024-12-23 23:00:00,Sleep Score,65.17,Normal
788,71,2024-12-23 23:00:00,Wellbeing Index,36.74,Abnormal
789,71,2025-01-03 21:00:00,PHQ-9,15.01,Abnormal
790,71,2025-01-03 21:00:00,GAD-7,6.97,Normal
791,71,2025-01-03 21:00:00,Sleep Score,69.14,Normal
792,71,2025-01-03 21:00:00,Wellbeing Index,65.6,Normal
793,72,2024-11-26 21:30:00,PHQ-9,7.81,Normal
794,72,2024-11-26 21:30:00,GAD-7,5.92,Normal
795,72,2024-11-26 21:30:00,Sleep Score,73.4,Normal
796,72,2024-11-26 21:30:00,Wellbeing Index,62.96,Normal
797,72,2025-11-08 00:30:00,PHQ-9,13.74,Normal
798,72,2025-11-08 00:30:00,GAD-7,7.12,Normal
799,72,2025-11-08 00:30:00,Sleep Score,60.44,Normal
800,72,2025-11-08 00:30:00,Wellbeing Index,66.57,Normal
801,72,2026-03-31 20:15:00,PHQ-9,17.82,Abnormal
802,72,2026-03-31 20:15:00,GAD-7,6.69,Normal
803,72,2026-03-31 20:15:00,Sleep Score,92.85,Normal
804,72,2026-03-31 20:15:00,Wellbeing Index,76.59,Normal
805,73,2025-03-21 13:15:00,PHQ-9,13.62,Normal
806,73,2025-03-21 13:15:00,GAD-7,12.46,Abnormal
807,73,2025-03-21 13:15:00,Sleep Score,62.54,Normal
808,73,2025-03-21 13:15:00,Wellbeing Index,85.47,Normal
809,73,2025-05-06 07:15:00,PHQ-9,8.85,Normal
810,73,2025-05-06 07:15:00,GAD-7,6.75,Normal
811,73,2025-05-06 07:15:00,Sleep Score,52.06,Abnormal
812,73,2025-05-06 07:15:00,Wellbeing Index,61.92,Normal
813,73,2025-11-23 22:30:00,PHQ-9,11.2,Normal
814,73,2025-11-23 22:30:00,GAD-7,5.58,Normal
815,73,2025-11-23 22:30:00,Sleep Score,64.84,Normal
816,73,2025-11-23 22:30:00,Wellbeing Index,53.7,Normal
817,74,2024-11-23 15:15:00,PHQ-9,6.18,Normal
818,74,2024-11-23 15:15:00,GAD-7,3.11,Normal
819,74,2024-11-23 15:15:00,Sleep Score,50.66,Abnormal
820,74,2024-11-23 15:15:00,Wellbeing Index,59.62,Normal
821,74,2025-01-01 23:30:00,PHQ-9,13.42,Normal
822,74,2025-01-01 23:30:00,GAD-7,5.75,Normal
823,74,2025-01-01 23:30:00,Sleep Score,53.49,Normal
824,74,2025-01-01 23:30:00,Wellbeing Index,54.93,Normal
825,74,2025-04-12 02:15:00,PHQ-9,10.3,Normal
826,74,2025-04-12 02:15:00,GAD-7,2.53,Normal
827,74,2025-04-12 02:15:00,Sleep Score,55.92,Normal
828,74,2025-04-12 02:15:00,Wellbeing Index,50.5,Normal
829,75,2024-11-08 00:45:00,PHQ-9,8.97,Normal
830,75,2024-11-08 00:45:00,GAD-7,8.39,Normal
831,75,2024-11-08 00:45:00,Sleep Score,58.88,Normal
832,75,2024-11-08 00:45:00,Wellbeing Index,75.03,Normal
833,75,2025-07-21 20:00:00,PHQ-9,10.98,Normal
834,75,2025-07-21 20:00:00,GAD-7,12.51,Abnormal
835,75,2025-07-21 20:00:00,Sleep Score,77.85,Normal
836,75,2025-07-21 20:00:00,Wellbeing Index,75.51,Normal
837,75,2025-08-27 18:30:00,PHQ-9,6.65,Normal
838,75,2025-08-27 18:30:00,GAD-7,5.34,Normal
839,75,2025-08-27 18:30:00,Sleep Score,63.93,Normal
840,75,2025-08-27 18:30:00,Wellbeing Index,76.56,Normal
841,76,2025-01-26 23:00:00,PHQ-9,13.81,Normal
842,76,2025-01-26 23:00:00,GAD-7,6.12,Normal
843,76,2025-01-26 23:00:00,Sleep Score,72.67,Normal
844,76,2025-01-26 23:00:00,Wellbeing Index,67.31,Normal
845,76,2025-10-23 03:00:00,PHQ-9,16.29,Abnormal
846,76,2025-10-23 03:00:00,GAD-7,4.7,Normal
847,76,2025-10-23 03:00:00,Sleep Score,55.58,Normal
848,76,2025-10-23 03:00:00,Wellbeing Index,59.18,Normal
849,76,2026-01-05 12:00:00,PHQ-9,11.52,Normal
850,76,2026-01-05 12:00:00,GAD-7,8.35,Normal
851,76,2026-01-05 12:00:00,Sleep Score,74.87,Normal
852,76,2026-01-05 12:00:00,Wellbeing Index,63.0,Normal
853,77,2025-01-16 10:45:00,PHQ-9,8.41,Normal
854,77,2025-01-16 10:45:00,GAD-7,8.61,Normal
855,77,2025-01-16 10:45:00,Sleep Score,57.67,Normal
856,77,2025-01-16 10:45:00,Wellbeing Index,44.52,Abnormal
857,77,2025-03-14 18:45:00,PHQ-9,9.93,Normal
858,77,2025-03-14 18:45:00,GAD-7,10.3,Normal
859,77,2025-03-14 18:45:00,Sleep Score,83.46,Normal
860,77,2025-03-14 18:45:00,Wellbeing Index,69.72,Normal
861,77,2025-04-03 04:45:00,PHQ-9,14.44,Abnormal
862,77,2025-04-03 04:45:00,GAD-7,10.9,Normal
863,77,2025-04-03 04:45:00,Sleep Score,72.08,Normal
864,77,2025-04-03 04:45:00,Wellbeing Index,69.6,Normal
865,78,2024-12-11 06:30:00,PHQ-9,8.7,Normal
866,78,2024-12-11 06:30:00,GAD-7,8.78,Normal
867,78,2024-12-11 06:30:00,Sleep Score,77.01,Normal
868,78,2024-12-11 06:30:00,Wellbeing Index,52.18,Normal
869,78,2025-09-09 06:00:00,PHQ-9,6.24,Normal
870,78,2025-09-09 06:00:00,GAD-7,6.28,Normal
871,78,2025-09-09 06:00:00,Sleep Score,57.93,Normal
872,78,2025-09-09 06:00:00,Wellbeing Index,42.6,Abnormal
873,78,2025-12-27 13:45:00,PHQ-9,9.01,Normal
874,78,2025-12-27 13:45:00,GAD-7,15.79,Abnormal
875,78,2025-12-27 13:45:00,Sleep Score,74.67,Normal
876,78,2025-12-27 13:45:00,Wellbeing Index,54.02,Normal
877,79,2025-03-16 11:15:00,PHQ-9,12.63,Normal
878,79,2025-03-16 11:15:00,GAD-7,12.57,Abnormal
879,79,2025-03-16 11:15:00,Sleep Score,43.87,Abnormal
880,79,2025-03-16 11:15:00,Wellbeing Index,42.52,Abnormal
881,79,2025-07-12 23:00:00,PHQ-9,13.88,Normal
882,79,2025-07-12 23:00:00,GAD-7,10.3,Normal
883,79,2025-07-12 23:00:00,Sleep Score,75.47,Normal
884,79,2025-07-12 23:00:00,Wellbeing Index,61.27,Normal
885,79,2026-04-21 05:45:00,PHQ-9,12.15,Normal
886,79,2026-04-21 05:45:00,GAD-7,11.01,Abnormal
887,79,2026-04-21 05:45:00,Sleep Score,57.19,Normal
888,79,2026-04-21 05:45:00,Wellbeing Index,32.77,Abnormal
889,80,2024-12-05 17:15:00,PHQ-9,15.3,Abnormal
890,80,2024-12-05 17:15:00,GAD-7,7.13,Normal
891,80,2024-12-05 17:15:00,Sleep Score,47.25,Abnormal
892,80,2024-12-05 17:15:00,Wellbeing Index,62.74,Normal
893,80,2024-12-06 18:45:00,PHQ-9,13.73,Normal
894,80,2024-12-06 18:45:00,GAD-7,7.54,Normal
895,80,2024-12-06 18:45:00,Sleep Score,57.42,Normal
896,80,2024-12-06 18:45:00,Wellbeing Index,40.62,Abnormal
897,80,2025-03-02 20:15:00,PHQ-9,7.32,Normal
898,80,2025-03-02 20:15:00,GAD-7,9.56,Normal
899,80,2025-03-02 20:15:00,Sleep Score,69.77,Normal
900,80,2025-03-02 20:15:00,Wellbeing Index,62.77,Normal
901,81,2024-12-27 14:30:00,PHQ-9,10.55,Normal
902,81,2024-12-27 14:30:00,GAD-7,8.35,Normal
903,81,2024-12-27 14:30:00,Sleep Score,97.18,Normal
904,81,2024-12-27 14:30:00,Wellbeing Index,55.53,Normal
905,81,2025-03-21 13:15:00,PHQ-9,11.47,Normal
906,81,2025-03-21 13:15:00,GAD-7,12.2,Abnormal
907,81,2025-03-21 13:15:00,Sleep Score,58.55,Normal
908,81,2025-03-21 13:15:00,Wellbeing Index,48.03,Normal
909,81,2025-09-18 21:45:00,PHQ-9,5.04,Normal
910,81,2025-09-18 21:45:00,GAD-7,4.23,Normal
911,81,2025-09-18 21:45:00,Sleep Score,72.6,Normal
912,81,2025-09-18 21:45:00,Wellbeing Index,72.83,Normal
913,82,2025-08-13 13:15:00,PHQ-9,5.59,Normal
914,82,2025-08-13 13:15:00,GAD-7,8.77,Normal
915,82,2025-08-13 13:15:00,Sleep Score,76.96,Normal
916,82,2025-08-13 13:15:00,Wellbeing Index,62.24,Normal
917,82,2026-03-15 04:00:00,PHQ-9,13.58,Normal
918,82,2026-03-15 04:00:00,GAD-7,11.82,Abnormal
919,82,2026-03-15 04:00:00,Sleep Score,84.51,Normal
920,82,2026-03-15 04:00:00,Wellbeing Index,57.19,Normal
921,83,2025-05-26 12:00:00,PHQ-9,13.38,Normal
922,83,2025-05-26 12:00:00,GAD-7,4.93,Normal
923,83,2025-05-26 12:00:00,Sleep Score,73.86,Normal
924,83,2025-05-26 12:00:00,Wellbeing Index,79.57,Normal
925,83,2025-10-19 03:15:00,PHQ-9,10.65,Normal
926,83,2025-10-19 03:15:00,GAD-7,7.16,Normal
927,83,2025-10-19 03:15:00,Sleep Score,89.14,Normal
928,83,2025-10-19 03:15:00,Wellbeing Index,62.05,Normal
929,83,2026-01-25 02:15:00,PHQ-9,7.44,Normal
930,83,2026-01-25 02:15:00,GAD-7,0.0,Normal
931,83,2026-01-25 02:15:00,Sleep Score,82.24,Normal
932,83,2026-01-25 02:15:00,Wellbeing Index,41.04,Abnormal
933,84,2024-11-12 08:30:00,PHQ-9,5.81,Normal
934,84,2024-11-12 08:30:00,GAD-7,5.84,Normal
935,84,2024-11-12 08:30:00,Sleep Score,63.61,Normal
936,84,2024-11-12 08:30:00,Wellbeing Index,77.78,Normal
937,84,2025-11-04 03:30:00,PHQ-9,4.67,Normal
938,84,2025-11-04 03:30:00,GAD-7,8.35,Normal
939,84,2025-11-04 03:30:00,Sleep Score,50.72,Abnormal
940,84,2025-11-04 03:30:00,Wellbeing Index,46.43,Normal
941,84,2025-11-15 19:00:00,PHQ-9,11.88,Normal
942,84,2025-11-15 19:00:00,GAD-7,4.83,Normal
943,84,2025-11-15 19:00:00,Sleep Score,63.91,Normal
944,84,2025-11-15 19:00:00,Wellbeing Index,43.07,Abnormal
945,85,2025-03-18 15:15:00,PHQ-9,6.93,Normal
946,85,2025-03-18 15:15:00,GAD-7,9.23,Normal
947,85,2025-03-18 15:15:00,Sleep Score,97.21,Normal
948,85,2025-03-18 15:15:00,Wellbeing Index,73.32,Normal
949,85,2025-04-29 02:30:00,PHQ-9,6.07,Normal
950,85,2025-04-29 02:30:00,GAD-7,9.69,Normal
951,85,2025-04-29 02:30:00,Sleep Score,32.55,Abnormal
952,85,2025-04-29 02:30:00,Wellbeing Index,62.16,Normal
953,85,2025-05-27 03:45:00,PHQ-9,6.47,Normal
954,85,2025-05-27 03:45:00,GAD-7,11.81,Abnormal
955,85,2025-05-27 03:45:00,Sleep Score,80.26,Normal
956,85,2025-05-27 03:45:00,Wellbeing Index,62.61,Normal
957,86,2025-02-06 02:45:00,PHQ-9,11.3,Normal
958,86,2025-02-06 02:45:00,GAD-7,10.57,Normal
959,86,2025-02-06 02:45:00,Sleep Score,69.19,Normal
960,86,2025-02-06 02:45:00,Wellbeing Index,71.5,Normal
961,86,2025-02-25 21:30:00,PHQ-9,13.06,Normal
962,86,2025-02-25 21:30:00,GAD-7,6.52,Normal
963,86,2025-02-25 21:30:00,Sleep Score,44.89,Abnormal
964,86,2025-02-25 21:30:00,Wellbeing Index,43.74,Abnormal
965,86,2025-03-03 17:15:00,PHQ-9,8.83,Normal
966,86,2025-03-03 17:15:00,GAD-7,6.67,Normal
967,86,2025-03-03 17:15:00,Sleep Score,61.63,Normal
968,86,2025-03-03 17:15:00,Wellbeing Index,83.77,Normal
969,87,2025-04-18 06:15:00,PHQ-9,17.33,Abnormal
970,87,2025-04-18 06:15:00,GAD-7,6.58,Normal
971,87,2025-04-18 06:15:00,Sleep Score,56.65,Normal
972,87,2025-04-18 06:15:00,Wellbeing Index,39.36,Abnormal
973,87,2025-07-14 21:15:00,PHQ-9,12.04,Normal
974,87,2025-07-14 21:15:00,GAD-7,2.84,Normal
975,87,2025-07-14 21:15:00,Sleep Score,79.71,Normal
976,87,2025-07-14 21:15:00,Wellbeing Index,43.66,Abnormal
977,87,2025-08-31 08:00:00,PHQ-9,8.65,Normal
978,87,2025-08-31 08:00:00,GAD-7,12.89,Abnormal
979,87,2025-08-31 08:00:00,Sleep Score,64.07,Normal
980,87,2025-08-31 08:00:00,Wellbeing Index,54.16,Normal
981,88,2025-03-16 08:00:00,PHQ-9,11.7,Normal
982,88,2025-03-16 08:00:00,GAD-7,11.89,Abnormal
983,88,2025-03-16 08:00:00,Sleep Score,80.53,Normal
984,88,2025-03-16 08:00:00,Wellbeing Index,70.22,Normal
985,88,2025-08-01 02:30:00,PHQ-9,13.4,Normal
986,88,2025-08-01 02:30:00,GAD-7,7.9,Normal
987,88,2025-08-01 02:30:00,Sleep Score,69.17,Normal
988,88,2025-08-01 02:30:00,Wellbeing Index,65.51,Normal
989,88,2025-09-15 22:00:00,PHQ-9,18.2,Abnormal
990,88,2025-09-15 22:00:00,GAD-7,8.7,Normal
991,88,2025-09-15 22:00:00,Sleep Score,62.51,Normal
992,88,2025-09-15 22:00:00,Wellbeing Index,67.9,Normal
993,89,2025-01-28 04:45:00,PHQ-9,13.99,Normal
994,89,2025-01-28 04:45:00,GAD-7,2.39,Normal
995,89,2025-01-28 04:45:00,Sleep Score,73.33,Normal
996,89,2025-01-28 04:45:00,Wellbeing Index,62.09,Normal
997,89,2025-08-11 15:45:00,PHQ-9,4.97,Normal
998,89,2025-08-11 15:45:00,GAD-7,9.76,Normal
999,89,2025-08-11 15:45:00,Sleep Score,75.76,Normal
1000,89,2025-08-11 15:45:00,Wellbeing Index,68.35,Normal
1001,89,2025-09-27 22:00:00,PHQ-9,9.82,Normal
1002,89,2025-09-27 22:00:00,GAD-7,10.73,Normal
1003,89,2025-09-27 22:00:00,Sleep Score,65.15,Normal
1004,89,2025-09-27 22:00:00,Wellbeing Index,64.66,Normal
1005,90,2025-01-31 09:45:00,PHQ-9,12.27,Normal
1006,90,2025-01-31 09:45:00,GAD-7,6.36,Normal
1007,90,2025-01-31 09:45:00,Sleep Score,81.36,Normal
1008,90,2025-01-31 09:45:00,Wellbeing Index,79.68,Normal
1009,90,2026-03-22 02:15:00,PHQ-9,4.08,Normal
1010,90,2026-03-22 02:15:00,GAD-7,7.57,Normal
1011,90,2026-03-22 02:15:00,Sleep Score,58.73,Normal
1012,90,2026-03-22 02:15:00,Wellbeing Index,27.99,Abnormal
1013,90,2026-04-25 04:45:00,PHQ-9,5.91,Normal
1014,90,2026-04-25 04:45:00,GAD-7,9.26,Normal
1015,90,2026-04-25 04:45:00,Sleep Score,71.96,Normal
1016,90,2026-04-25 04:45:00,Wellbeing Index,54.9,Normal
1017,91,2025-01-19 10:00:00,PHQ-9,14.32,Abnormal
1018,91,2025-01-19 10:00:00,GAD-7,10.54,Normal
1019,91,2025-01-19 10:00:00,Sleep Score,75.3,Normal
1020,91,2025-01-19 10:00:00,Wellbeing Index,25.34,Abnormal
1021,91,2025-03-22 07:00:00,PHQ-9,10.52,Normal
1022,91,2025-03-22 07:00:00,GAD-7,7.21,Normal
1023,91,2025-03-22 07:00:00,Sleep Score,84.68,Normal
1024,91,2025-03-22 07:00:00,Wellbeing Index,74.01,Normal
1025,92,2025-02-03 01:45:00,PHQ-9,16.06,Abnormal
1026,92,2025-02-03 01:45:00,GAD-7,3.21,Normal
1027,92,2025-02-03 01:45:00,Sleep Score,74.88,Normal
1028,92,2025-02-03 01:45:00,Wellbeing Index,71.4,Normal
1029,92,2025-08-12 03:00:00,PHQ-9,5.57,Normal
1030,92,2025-08-12 03:00:00,GAD-7,9.28,Normal
1031,92,2025-08-12 03:00:00,Sleep Score,67.25,Normal
1032,92,2025-08-12 03:00:00,Wellbeing Index,54.18,Normal
1033,92,2025-09-25 18:45:00,PHQ-9,7.82,Normal
1034,92,2025-09-25 18:45:00,GAD-7,5.84,Normal
1035,92,2025-09-25 18:45:00,Sleep Score,86.89,Normal
1036,92,2025-09-25 18:45:00,Wellbeing Index,83.2,Normal
1037,93,2025-09-22 02:45:00,PHQ-9,6.15,Normal
1038,93,2025-09-22 02:45:00,GAD-7,9.16,Normal
1039,93,2025-09-22 02:45:00,Sleep Score,69.34,Normal
1040,93,2025-09-22 02:45:00,Wellbeing Index,49.83,Normal
1041,93,2026-05-07 21:15:00,PHQ-9,11.33,Normal
1042,93,2026-05-07 21:15:00,GAD-7,5.45,Normal
1043,93,2026-05-07 21:15:00,Sleep Score,61.67,Normal
1044,93,2026-05-07 21:15:00,Wellbeing Index,60.8,Normal
1045,94,2025-01-14 00:45:00,PHQ-9,5.33,Normal
1046,94,2025-01-14 00:45:00,GAD-7,11.61,Abnormal
1047,94,2025-01-14 00:45:00,Sleep Score,53.79,Normal
1048,94,2025-01-14 00:45:00,Wellbeing Index,78.04,Normal
1049,94,2025-05-12 17:30:00,PHQ-9,13.88,Normal
1050,94,2025-05-12 17:30:00,GAD-7,12.09,Abnormal
1051,94,2025-05-12 17:30:00,Sleep Score,58.48,Normal
1052,94,2025-05-12 17:30:00,Wellbeing Index,66.1,Normal
1053,94,2025-08-02 04:45:00,PHQ-9,11.32,Normal
1054,94,2025-08-02 04:45:00,GAD-7,5.06,Normal
1055,94,2025-08-02 04:45:00,Sleep Score,54.01,Normal
1056,94,2025-08-02 04:45:00,Wellbeing Index,69.97,Normal
1057,95,2025-09-15 23:45:00,PHQ-9,14.27,Abnormal
1058,95,2025-09-15 23:45:00,GAD-7,3.73,Normal
1059,95,2025-09-15 23:45:00,Sleep Score,65.62,Normal
1060,95,2025-09-15 23:45:00,Wellbeing Index,63.81,Normal
1061,95,2025-12-06 11:15:00,PHQ-9,10.35,Normal
1062,95,2025-12-06 11:15:00,GAD-7,8.34,Normal
1063,95,2025-12-06 11:15:00,Sleep Score,80.45,Normal
1064,95,2025-12-06 11:15:00,Wellbeing Index,27.25,Abnormal
1065,96,2024-12-18 18:15:00,PHQ-9,13.0,Normal
1066,96,2024-12-18 18:15:00,GAD-7,9.32,Normal
1067,96,2024-12-18 18:15:00,Sleep Score,76.93,Normal
1068,96,2024-12-18 18:15:00,Wellbeing Index,59.98,Normal
1069,96,2025-02-03 04:00:00,PHQ-9,16.25,Abnormal
1070,96,2025-02-03 04:00:00,GAD-7,9.91,Normal
1071,96,2025-02-03 04:00:00,Sleep Score,56.51,Normal
1072,96,2025-02-03 04:00:00,Wellbeing Index,42.85,Abnormal
1073,96,2025-03-14 03:45:00,PHQ-9,11.13,Normal
1074,96,2025-03-14 03:45:00,GAD-7,7.4,Normal
1075,96,2025-03-14 03:45:00,Sleep Score,51.94,Abnormal
1076,96,2025-03-14 03:45:00,Wellbeing Index,43.55,Abnormal
1077,97,2025-07-30 22:30:00,PHQ-9,7.41,Normal
1078,97,2025-07-30 22:30:00,GAD-7,4.93,Normal
1079,97,2025-07-30 22:30:00,Sleep Score,63.69,Normal
1080,97,2025-07-30 22:30:00,Wellbeing Index,75.59,Normal
1081,97,2025-12-03 04:45:00,PHQ-9,7.86,Normal
1082,97,2025-12-03 04:45:00,GAD-7,4.54,Normal
1083,97,2025-12-03 04:45:00,Sleep Score,59.73,Normal
1084,97,2025-12-03 04:45:00,Wellbeing Index,84.29,Normal
1085,97,2026-01-30 00:15:00,PHQ-9,10.42,Normal
1086,97,2026-01-30 00:15:00,GAD-7,7.8,Normal
1087,97,2026-01-30 00:15:00,Sleep Score,64.58,Normal
1088,97,2026-01-30 00:15:00,Wellbeing Index,79.05,Normal
1089,98,2024-12-17 20:00:00,PHQ-9,15.45,Abnormal
1090,98,2024-12-17 20:00:00,GAD-7,5.77,Normal
1091,98,2024-12-17 20:00:00,Sleep Score,58.41,Normal
1092,98,2024-12-17 20:00:00,Wellbeing Index,64.37,Normal
1093,98,2025-02-28 08:00:00,PHQ-9,3.22,Normal
1094,98,2025-02-28 08:00:00,GAD-7,6.54,Normal
1095,98,2025-02-28 08:00:00,Sleep Score,54.61,Normal
1096,98,2025-02-28 08:00:00,Wellbeing Index,42.06,Abnormal
1097,98,2025-08-12 05:45:00,PHQ-9,15.31,Abnormal
1098,98,2025-08-12 05:45:00,GAD-7,4.61,Normal
1099,98,2025-08-12 05:45:00,Sleep Score,59.79,Normal
1100,98,2025-08-12 05:45:00,Wellbeing Index,66.62,Normal
1101,99,2025-09-26 04:30:00,PHQ-9,9.65,Normal
1102,99,2025-09-26 04:30:00,GAD-7,8.78,Normal
1103,99,2025-09-26 04:30:00,Sleep Score,55.8,Normal
1104,99,2025-09-26 04:30:00,Wellbeing Index,81.79,Normal
1105,99,2025-12-08 11:30:00,PHQ-9,9.87,Normal
1106,99,2025-12-08 11:30:00,GAD-7,6.45,Normal
1107,99,2025-12-08 11:30:00,Sleep Score,80.24,Normal
1108,99,2025-12-08 11:30:00,Wellbeing Index,60.38,Normal
1109,99,2026-03-03 15:45:00,PHQ-9,14.23,Abnormal
1110,99,2026-03-03 15:45:00,GAD-7,10.09,Normal
1111,99,2026-03-03 15:45:00,Sleep Score,42.99,Abnormal
1112,99,2026-03-03 15:45:00,Wellbeing Index,57.63,Normal
1113,100,2025-02-15 15:15:00,PHQ-9,10.51,Normal
1114,100,2025-02-15 15:15:00,GAD-7,8.6,Normal
1115,100,2025-02-15 15:15:00,Sleep Score,73.8,Normal
1116,100,2025-02-15 15:15:00,Wellbeing Index,41.76,Abnormal
1117,100,2025-03-21 14:00:00,PHQ-9,10.38,Normal
1118,100,2025-03-21 14:00:00,GAD-7,13.17,Abnormal
1119,100,2025-03-21 14:00:00,Sleep Score,61.5,Normal
1120,100,2025-03-21 14:00:00,Wellbeing Index,17.29,Abnormal
1121,100,2025-07-21 18:30:00,PHQ-9,11.08,Normal
1122,100,2025-07-21 18:30:00,GAD-7,8.67,Normal
1123,100,2025-07-21 18:30:00,Sleep Score,53.29,Normal
1124,100,2025-07-21 18:30:00,Wellbeing Index,76.08,Normal
1125,101,2025-08-29 20:00:00,PHQ-9,9.24,Normal
1126,101,2025-08-29 20:00:00,GAD-7,8.74,Normal
1127,101,2025-08-29 20:00:00,Sleep Score,63.49,Normal
1128,101,2025-08-29 20:00:00,Wellbeing Index,54.71,Normal
1129,101,2026-04-10 05:30:00,PHQ-9,8.06,Normal
1130,101,2026-04-10 05:30:00,GAD-7,12.68,Abnormal
1131,101,2026-04-10 05:30:00,Sleep Score,27.04,Abnormal
1132,101,2026-04-10 05:30:00,Wellbeing Index,73.42,Normal
1133,102,2025-05-21 07:00:00,PHQ-9,14.1,Abnormal
1134,102,2025-05-21 07:00:00,GAD-7,0.0,Normal
1135,102,2025-05-21 07:00:00,Sleep Score,38.86,Abnormal
1136,102,2025-05-21 07:00:00,Wellbeing Index,48.26,Normal
1137,102,2025-12-06 18:45:00,PHQ-9,6.57,Normal
1138,102,2025-12-06 18:45:00,GAD-7,5.34,Normal
1139,102,2025-12-06 18:45:00,Sleep Score,56.5,Normal
1140,102,2025-12-06 18:45:00,Wellbeing Index,53.13,Normal
1141,102,2025-12-10 18:00:00,PHQ-9,8.49,Normal
1142,102,2025-12-10 18:00:00,GAD-7,13.14,Abnormal
1143,102,2025-12-10 18:00:00,Sleep Score,63.09,Normal
1144,102,2025-12-10 18:00:00,Wellbeing Index,39.13,Abnormal
1145,103,2025-11-09 18:15:00,PHQ-9,8.92,Normal
1146,103,2025-11-09 18:15:00,GAD-7,4.46,Normal
1147,103,2025-11-09 18:15:00,Sleep Score,68.2,Normal
1148,103,2025-11-09 18:15:00,Wellbeing Index,74.37,Normal
1149,103,2025-12-27 01:00:00,PHQ-9,3.53,Normal
1150,103,2025-12-27 01:00:00,GAD-7,5.24,Normal
1151,103,2025-12-27 01:00:00,Sleep Score,63.62,Normal
1152,103,2025-12-27 01:00:00,Wellbeing Index,66.21,Normal
1153,103,2026-02-20 18:00:00,PHQ-9,8.21,Normal
1154,103,2026-02-20 18:00:00,GAD-7,2.53,Normal
1155,103,2026-02-20 18:00:00,Sleep Score,72.68,Normal
1156,103,2026-02-20 18:00:00,Wellbeing Index,63.65,Normal
1157,104,2025-02-10 08:00:00,PHQ-9,13.48,Normal
1158,104,2025-02-10 08:00:00,GAD-7,5.8,Normal
1159,104,2025-02-10 08:00:00,Sleep Score,54.41,Normal
1160,104,2025-02-10 08:00:00,Wellbeing Index,65.78,Normal
1161,104,2025-02-26 12:30:00,PHQ-9,4.74,Normal
1162,104,2025-02-26 12:30:00,GAD-7,7.34,Normal
1163,104,2025-02-26 12:30:00,Sleep Score,53.07,Normal
1164,104,2025-02-26 12:30:00,Wellbeing Index,59.21,Normal
1165,104,2025-04-06 13:00:00,PHQ-9,9.6,Normal
1166,104,2025-04-06 13:00:00,GAD-7,11.51,Abnormal
1167,104,2025-04-06 13:00:00,Sleep Score,53.68,Normal
1168,104,2025-04-06 13:00:00,Wellbeing Index,68.48,Normal
1169,105,2025-07-10 08:45:00,PHQ-9,14.21,Abnormal
1170,105,2025-07-10 08:45:00,GAD-7,6.54,Normal
1171,105,2025-07-10 08:45:00,Sleep Score,95.56,Normal
1172,105,2025-07-10 08:45:00,Wellbeing Index,56.33,Normal
1173,105,2026-02-28 08:30:00,PHQ-9,11.29,Normal
1174,105,2026-02-28 08:30:00,GAD-7,9.23,Normal
1175,105,2026-02-28 08:30:00,Sleep Score,66.09,Normal
1176,105,2026-02-28 08:30:00,Wellbeing Index,53.34,Normal
1177,105,2026-03-02 19:00:00,PHQ-9,7.75,Normal
1178,105,2026-03-02 19:00:00,GAD-7,2.26,Normal
1179,105,2026-03-02 19:00:00,Sleep Score,75.65,Normal
1180,105,2026-03-02 19:00:00,Wellbeing Index,68.01,Normal
1181,106,2024-11-21 02:00:00,PHQ-9,3.47,Normal
1182,106,2024-11-21 02:00:00,GAD-7,8.83,Normal
1183,106,2024-11-21 02:00:00,Sleep Score,81.52,Normal
1184,106,2024-11-21 02:00:00,Wellbeing Index,56.04,Normal
1185,106,2024-12-05 02:30:00,PHQ-9,15.18,Abnormal
1186,106,2024-12-05 02:30:00,GAD-7,6.79,Normal
1187,106,2024-12-05 02:30:00,Sleep Score,61.61,Normal
1188,106,2024-12-05 02:30:00,Wellbeing Index,65.14,Normal
1189,106,2025-06-12 14:15:00,PHQ-9,8.97,Normal
1190,106,2025-06-12 14:15:00,GAD-7,7.63,Normal
1191,106,2025-06-12 14:15:00,Sleep Score,76.25,Normal
1192,106,2025-06-12 14:15:00,Wellbeing Index,72.87,Normal
1193,107,2024-12-25 11:30:00,PHQ-9,13.4,Normal
1194,107,2024-12-25 11:30:00,GAD-7,7.86,Normal
1195,107,2024-12-25 11:30:00,Sleep Score,41.55,Abnormal
1196,107,2024-12-25 11:30:00,Wellbeing Index,63.34,Normal
1197,107,2025-09-04 01:45:00,PHQ-9,13.35,Normal
1198,107,2025-09-04 01:45:00,GAD-7,11.12,Abnormal
1199,107,2025-09-04 01:45:00,Sleep Score,98.32,Normal
1200,107,2025-09-04 01:45:00,Wellbeing Index,70.57,Normal
1201,107,2025-12-08 01:00:00,PHQ-9,12.14,Normal
1202,107,2025-12-08 01:00:00,GAD-7,6.66,Normal
1203,107,2025-12-08 01:00:00,Sleep Score,75.31,Normal
1204,107,2025-12-08 01:00:00,Wellbeing Index,45.24,Abnormal
1205,108,2025-03-31 19:15:00,PHQ-9,12.66,Normal
1206,108,2025-03-31 19:15:00,GAD-7,9.93,Normal
1207,108,2025-03-31 19:15:00,Sleep Score,78.71,Normal
1208,108,2025-03-31 19:15:00,Wellbeing Index,49.66,Normal
1209,108,2025-08-07 17:30:00,PHQ-9,5.37,Normal
1210,108,2025-08-07 17:30:00,GAD-7,6.28,Normal
1211,108,2025-08-07 17:30:00,Sleep Score,89.19,Normal
1212,108,2025-08-07 17:30:00,Wellbeing Index,45.66,Abnormal
1213,108,2025-10-14 07:15:00,PHQ-9,3.69,Normal
1214,108,2025-10-14 07:15:00,GAD-7,8.74,Normal
1215,108,2025-10-14 07:15:00,Sleep Score,47.99,Abnormal
1216,108,2025-10-14 07:15:00,Wellbeing Index,45.33,Abnormal
1217,109,2024-12-20 01:15:00,PHQ-9,5.56,Normal
1218,109,2024-12-20 01:15:00,GAD-7,7.9,Normal
1219,109,2024-12-20 01:15:00,Sleep Score,52.42,Abnormal
1220,109,2024-12-20 01:15:00,Wellbeing Index,66.07,Normal
1221,109,2025-02-13 23:15:00,PHQ-9,12.37,Normal
1222,109,2025-02-13 23:15:00,GAD-7,6.02,Normal
1223,109,2025-02-13 23:15:00,Sleep Score,74.83,Normal
1224,109,2025-02-13 23:15:00,Wellbeing Index,39.91,Abnormal
1225,109,2025-05-04 03:45:00,PHQ-9,7.54,Normal
1226,109,2025-05-04 03:45:00,GAD-7,9.17,Normal
1227,109,2025-05-04 03:45:00,Sleep Score,53.18,Normal
1228,109,2025-05-04 03:45:00,Wellbeing Index,72.44,Normal
1229,110,2025-05-23 07:45:00,PHQ-9,18.12,Abnormal
1230,110,2025-05-23 07:45:00,GAD-7,6.36,Normal
1231,110,2025-05-23 07:45:00,Sleep Score,66.09,Normal
1232,110,2025-05-23 07:45:00,Wellbeing Index,39.47,Abnormal
1233,110,2025-08-21 07:00:00,PHQ-9,14.17,Abnormal
1234,110,2025-08-21 07:00:00,GAD-7,4.49,Normal
1235,110,2025-08-21 07:00:00,Sleep Score,43.94,Abnormal
1236,110,2025-08-21 07:00:00,Wellbeing Index,49.31,Normal
1237,110,2025-08-29 17:30:00,PHQ-9,8.64,Normal
1238,110,2025-08-29 17:30:00,GAD-7,4.29,Normal
1239,110,2025-08-29 17:30:00,Sleep Score,81.68,Normal
1240,110,2025-08-29 17:30:00,Wellbeing Index,74.47,Normal
1241,111,2025-04-02 10:00:00,PHQ-9,11.97,Normal
1242,111,2025-04-02 10:00:00,GAD-7,11.9,Abnormal
1243,111,2025-04-02 10:00:00,Sleep Score,63.62,Normal
1244,111,2025-04-02 10:00:00,Wellbeing Index,58.7,Normal
1245,111,2025-08-15 00:00:00,PHQ-9,7.66,Normal
1246,111,2025-08-15 00:00:00,GAD-7,7.17,Normal
1247,111,2025-08-15 00:00:00,Sleep Score,36.39,Abnormal
1248,111,2025-08-15 00:00:00,Wellbeing Index,65.84,Normal
1249,111,2025-12-15 08:00:00,PHQ-9,16.83,Abnormal
1250,111,2025-12-15 08:00:00,GAD-7,12.83,Abnormal
1251,111,2025-12-15 08:00:00,Sleep Score,69.25,Normal
1252,111,2025-12-15 08:00:00,Wellbeing Index,63.65,Normal
1253,112,2025-01-07 19:00:00,PHQ-9,10.69,Normal
1254,112,2025-01-07 19:00:00,GAD-7,5.81,Normal
1255,112,2025-01-07 19:00:00,Sleep Score,59.37,Normal
1256,112,2025-01-07 19:00:00,Wellbeing Index,30.85,Abnormal
1257,112,2025-03-11 11:45:00,PHQ-9,3.19,Normal
1258,112,2025-03-11 11:45:00,GAD-7,9.87,Normal
1259,112,2025-03-11 11:45:00,Sleep Score,56.09,Normal
1260,112,2025-03-11 11:45:00,Wellbeing Index,51.54,Normal
1261,112,2025-10-19 12:15:00,PHQ-9,17.64,Abnormal
1262,112,2025-10-19 12:15:00,GAD-7,9.67,Normal
1263,112,2025-10-19 12:15:00,Sleep Score,83.91,Normal
1264,112,2025-10-19 12:15:00,Wellbeing Index,63.34,Normal
1265,113,2025-04-12 07:30:00,PHQ-9,3.18,Normal
1266,113,2025-04-12 07:30:00,GAD-7,11.03,Abnormal
1267,113,2025-04-12 07:30:00,Sleep Score,63.25,Normal
1268,113,2025-04-12 07:30:00,Wellbeing Index,71.55,Normal
1269,113,2025-06-08 23:45:00,PHQ-9,11.38,Normal
1270,113,2025-06-08 23:45:00,GAD-7,8.91,Normal
1271,113,2025-06-08 23:45:00,Sleep Score,72.11,Normal
1272,113,2025-06-08 23:45:00,Wellbeing Index,68.28,Normal
1273,113,2025-10-25 20:45:00,PHQ-9,9.94,Normal
1274,113,2025-10-25 20:45:00,GAD-7,9.3,Normal
1275,113,2025-10-25 20:45:00,Sleep Score,62.64,Normal
1276,113,2025-10-25 20:45:00,Wellbeing Index,75.38,Normal
1277,114,2025-01-28 07:00:00,PHQ-9,12.69,Normal
1278,114,2025-01-28 07:00:00,GAD-7,11.62,Abnormal
1279,114,2025-01-28 07:00:00,Sleep Score,66.4,Normal
1280,114,2025-01-28 07:00:00,Wellbeing Index,64.13,Normal
1281,114,2025-05-14 14:30:00,PHQ-9,13.71,Normal
1282,114,2025-05-14 14:30:00,GAD-7,9.07,Normal
1283,114,2025-05-14 14:30:00,Sleep Score,61.41,Normal
1284,114,2025-05-14 14:30:00,Wellbeing Index,75.0,Normal
1285,114,2025-06-17 18:00:00,PHQ-9,8.25,Normal
1286,114,2025-06-17 18:00:00,GAD-7,10.6,Normal
1287,114,2025-06-17 18:00:00,Sleep Score,71.57,Normal
1288,114,2025-06-17 18:00:00,Wellbeing Index,54.27,Normal
1289,115,2025-02-07 17:00:00,PHQ-9,11.96,Normal
1290,115,2025-02-07 17:00:00,GAD-7,12.79,Abnormal
1291,115,2025-02-07 17:00:00,Sleep Score,53.01,Normal
1292,115,2025-02-07 17:00:00,Wellbeing Index,52.0,Normal
1293,115,2025-05-03 15:15:00,PHQ-9,10.06,Normal
1294,115,2025-05-03 15:15:00,GAD-7,5.04,Normal
1295,115,2025-05-03 15:15:00,Sleep Score,71.98,Normal
1296,115,2025-05-03 15:15:00,Wellbeing Index,64.51,Normal
1297,115,2025-07-08 10:30:00,PHQ-9,6.01,Normal
1298,115,2025-07-08 10:30:00,GAD-7,8.67,Normal
1299,115,2025-07-08 10:30:00,Sleep Score,52.73,Abnormal
1300,115,2025-07-08 10:30:00,Wellbeing Index,62.52,Normal
1301,116,2025-02-08 03:45:00,PHQ-9,10.85,Normal
1302,116,2025-02-08 03:45:00,GAD-7,14.22,Abnormal
1303,116,2025-02-08 03:45:00,Sleep Score,63.37,Normal
1304,116,2025-02-08 03:45:00,Wellbeing Index,99.31,Normal
1305,116,2025-03-28 16:30:00,PHQ-9,8.64,Normal
1306,116,2025-03-28 16:30:00,GAD-7,5.99,Normal
1307,116,2025-03-28 16:30:00,Sleep Score,43.23,Abnormal
1308,116,2025-03-28 16:30:00,Wellbeing Index,52.13,Normal
1309,116,2025-05-09 19:30:00,PHQ-9,8.62,Normal
1310,116,2025-05-09 19:30:00,GAD-7,10.89,Normal
1311,116,2025-05-09 19:30:00,Sleep Score,86.42,Normal
1312,116,2025-05-09 19:30:00,Wellbeing Index,71.73,Normal
1313,117,2025-01-23 04:30:00,PHQ-9,13.02,Normal
1314,117,2025-01-23 04:30:00,GAD-7,15.53,Abnormal
1315,117,2025-01-23 04:30:00,Sleep Score,37.51,Abnormal
1316,117,2025-01-23 04:30:00,Wellbeing Index,92.14,Normal
1317,117,2025-02-19 01:30:00,PHQ-9,10.99,Normal
1318,117,2025-02-19 01:30:00,GAD-7,4.35,Normal
1319,117,2025-02-19 01:30:00,Sleep Score,38.69,Abnormal
1320,117,2025-02-19 01:30:00,Wellbeing Index,76.23,Normal
1321,117,2025-02-27 21:15:00,PHQ-9,9.83,Normal
1322,117,2025-02-27 21:15:00,GAD-7,8.04,Normal
1323,117,2025-02-27 21:15:00,Sleep Score,40.48,Abnormal
1324,117,2025-02-27 21:15:00,Wellbeing Index,67.21,Normal
1325,118,2025-01-22 12:15:00,PHQ-9,7.39,Normal
1326,118,2025-01-22 12:15:00,GAD-7,15.78,Abnormal
1327,118,2025-01-22 12:15:00,Sleep Score,100.0,Normal
1328,118,2025-01-22 12:15:00,Wellbeing Index,61.12,Normal
1329,118,2025-07-31 22:00:00,PHQ-9,4.63,Normal
1330,118,2025-07-31 22:00:00,GAD-7,8.45,Normal
1331,118,2025-07-31 22:00:00,Sleep Score,75.82,Normal
1332,118,2025-07-31 22:00:00,Wellbeing Index,48.59,Normal
1333,118,2025-10-22 01:30:00,PHQ-9,6.63,Normal
1334,118,2025-10-22 01:30:00,GAD-7,11.41,Abnormal
1335,118,2025-10-22 01:30:00,Sleep Score,52.58,Abnormal
1336,118,2025-10-22 01:30:00,Wellbeing Index,51.86,Normal
1337,119,2024-12-26 04:45:00,PHQ-9,16.29,Abnormal
1338,119,2024-12-26 04:45:00,GAD-7,9.39,Normal
1339,119,2024-12-26 04:45:00,Sleep Score,56.3,Normal
1340,119,2024-12-26 04:45:00,Wellbeing Index,56.1,Normal
1341,119,2025-01-26 08:30:00,PHQ-9,8.38,Normal
1342,119,2025-01-26 08:30:00,GAD-7,8.94,Normal
1343,119,2025-01-26 08:30:00,Sleep Score,80.22,Normal
1344,119,2025-01-26 08:30:00,Wellbeing Index,75.71,Normal
1345,119,2025-03-12 11:30:00,PHQ-9,9.22,Normal
1346,119,2025-03-12 11:30:00,GAD-7,11.14,Abnormal
1347,119,2025-03-12 11:30:00,Sleep Score,39.03,Abnormal
1348,119,2025-03-12 11:30:00,Wellbeing Index,36.9,Abnormal
1349,120,2025-03-19 03:00:00,PHQ-9,7.48,Normal
1350,120,2025-03-19 03:00:00,GAD-7,12.13,Abnormal
1351,120,2025-03-19 03:00:00,Sleep Score,61.58,Normal
1352,120,2025-03-19 03:00:00,Wellbeing Index,70.75,Normal
1353,120,2025-08-03 06:45:00,PHQ-9,10.07,Normal
1354,120,2025-08-03 06:45:00,GAD-7,4.71,Normal
1355,120,2025-08-03 06:45:00,Sleep Score,69.1,Normal
1356,120,2025-08-03 06:45:00,Wellbeing Index,100.0,Normal
1357,120,2025-08-17 17:45:00,PHQ-9,7.58,Normal
1358,120,2025-08-17 17:45:00,GAD-7,10.79,Normal
1359,120,2025-08-17 17:45:00,Sleep Score,65.82,Normal
1360,120,2025-08-17 17:45:00,Wellbeing Index,59.43,Normal
